participantId,trialId,visualization,trialOrder,responseId,answers,correct_answers,error,cm_error,,,,
33803897-5f6e-4e84-926f-f7ff4667d6e7,Trial 1,bubble ,1,q-numerical,100,85,15,3.918863237,,,,
33803897-5f6e-4e84-926f-f7ff4667d6e7,Trial 2,bar ,2,q-numerical,10,10,0,0,,,Average cm_error,
33803897-5f6e-4e84-926f-f7ff4667d6e7,Trial 3,bar ,3,q-numerical,50,50,0,0,,,bar,1.530198872
33803897-5f6e-4e84-926f-f7ff4667d6e7,Trial 4,bubble ,4,q-numerical,80,60,20,4.330916878,,,pie,2.45656234
33803897-5f6e-4e84-926f-f7ff4667d6e7,Trial 5,pie ,5,q-numerical,5,10,5,2.357552005,,,bubble,2.402818041
33803897-5f6e-4e84-926f-f7ff4667d6e7,Trial 6,bubble ,6,q-numerical,100,90,10,3.339850003,,,,
33803897-5f6e-4e84-926f-f7ff4667d6e7,Trial 7,pie ,7,q-numerical,20,15,5,2.357552005,,,,
33803897-5f6e-4e84-926f-f7ff4667d6e7,Trial 8,bubble ,8,q-numerical,10,10,0,0,,,,
33803897-5f6e-4e84-926f-f7ff4667d6e7,Trial 9,bar ,9,q-numerical,60,70,10,3.339850003,,,,
33803897-5f6e-4e84-926f-f7ff4667d6e7,Trial 10,pie ,10,q-numerical,60,45,15,3.918863237,,,,
33803897-5f6e-4e84-926f-f7ff4667d6e7,Trial 11,bar ,11,q-numerical,40,40,0,0,,,,
33803897-5f6e-4e84-926f-f7ff4667d6e7,Trial 12,pie ,12,q-numerical,80,65,15,3.918863237,,,,
33803897-5f6e-4e84-926f-f7ff4667d6e7,Trial 13,bubble ,13,q-numerical,50,40,10,3.339850003,,,,
33803897-5f6e-4e84-926f-f7ff4667d6e7,Trial 14,bubble ,14,q-numerical,40,30,10,3.339850003,,,,
33803897-5f6e-4e84-926f-f7ff4667d6e7,Trial 15,bar ,15,q-numerical,85,80,5,2.357552005,,,,
33803897-5f6e-4e84-926f-f7ff4667d6e7,Trial 16,bar ,16,q-numerical,90,80,10,3.339850003,,,,
33803897-5f6e-4e84-926f-f7ff4667d6e7,Trial 17,pie ,17,q-numerical,80,80,0,0,,,,
33803897-5f6e-4e84-926f-f7ff4667d6e7,Trial 18,bubble ,18,q-numerical,50,45,5,2.357552005,,,,
33803897-5f6e-4e84-926f-f7ff4667d6e7,Trial 19,pie ,19,q-numerical,25,30,5,2.357552005,,,,
33803897-5f6e-4e84-926f-f7ff4667d6e7,Trial 20,bar ,20,q-numerical,20,25,5,2.357552005,,,,
33803897-5f6e-4e84-926f-f7ff4667d6e7,Trial 21,pie ,21,q-numerical,30,35,5,2.357552005,,,,
33803897-5f6e-4e84-926f-f7ff4667d6e7,Trial 22,pie ,22,q-numerical,75,70,5,2.357552005,,,,
33803897-5f6e-4e84-926f-f7ff4667d6e7,Trial 23,bar ,23,q-numerical,95,90,5,2.357552005,,,,
33803897-5f6e-4e84-926f-f7ff4667d6e7,Trial 24,bubble ,24,q-numerical,30,25,5,2.357552005,,,,
33803897-5f6e-4e84-926f-f7ff4667d6e7,Trial 25,pie ,25,q-numerical,40,25,15,3.918863237,,,,
33803897-5f6e-4e84-926f-f7ff4667d6e7,Trial 26,bubble ,26,q-numerical,100,65,35,5.13442632,,,,
33803897-5f6e-4e84-926f-f7ff4667d6e7,Trial 27,bar ,27,q-numerical,30,35,5,2.357552005,,,,
33803897-5f6e-4e84-926f-f7ff4667d6e7,Trial 28,bubble ,28,q-numerical,65,50,15,3.918863237,,,,
33803897-5f6e-4e84-926f-f7ff4667d6e7,Trial 29,bar ,29,q-numerical,60,60,0,0,,,,
33803897-5f6e-4e84-926f-f7ff4667d6e7,Trial 30,bar ,30,q-numerical,15,15,0,0,,,,
33803897-5f6e-4e84-926f-f7ff4667d6e7,Trial 31,bubble ,31,q-numerical,70,55,15,3.918863237,,,,
33803897-5f6e-4e84-926f-f7ff4667d6e7,Trial 32,pie ,32,q-numerical,30,35,5,2.357552005,,,,
33803897-5f6e-4e84-926f-f7ff4667d6e7,Trial 33,bubble ,33,q-numerical,40,30,10,3.339850003,,,,
33803897-5f6e-4e84-926f-f7ff4667d6e7,Trial 34,pie ,34,q-numerical,75,75,0,0,,,,
33803897-5f6e-4e84-926f-f7ff4667d6e7,Trial 35,bar ,35,q-numerical,50,55,5,2.357552005,,,,
33803897-5f6e-4e84-926f-f7ff4667d6e7,Trial 36,bubble ,36,q-numerical,25,20,5,2.357552005,,,,
33803897-5f6e-4e84-926f-f7ff4667d6e7,Trial 37,pie ,37,q-numerical,30,25,5,2.357552005,,,,
33803897-5f6e-4e84-926f-f7ff4667d6e7,Trial 38,bar,38,q-numerical,40,40,0,0,,,,
33803897-5f6e-4e84-926f-f7ff4667d6e7,Trial 39,pie ,39,q-numerical,30,50,20,4.330916878,,,,
33803897-5f6e-4e84-926f-f7ff4667d6e7,Trial 40,pie ,40,q-numerical,50,55,5,2.357552005,,,,
33803897-5f6e-4e84-926f-f7ff4667d6e7,Trial 41,pie ,41,q-numerical,45,40,5,2.357552005,,,,
33803897-5f6e-4e84-926f-f7ff4667d6e7,Trial 42,pie ,42,q-numerical,70,65,5,2.357552005,,,,
33803897-5f6e-4e84-926f-f7ff4667d6e7,Trial 43,bubble ,43,q-numerical,80,70,10,3.339850003,,,,
33803897-5f6e-4e84-926f-f7ff4667d6e7,Trial 44,pie ,44,q-numerical,50,60,10,3.339850003,,,,
33803897-5f6e-4e84-926f-f7ff4667d6e7,Trial 45,bar,45,q-numerical,90,85,5,2.357552005,,,,
33803897-5f6e-4e84-926f-f7ff4667d6e7,Trial 46,bubble ,46,q-numerical,25,15,10,3.339850003,,,,
33803897-5f6e-4e84-926f-f7ff4667d6e7,Trial 47,bubble ,47,q-numerical,80,80,0,0,,,,
33803897-5f6e-4e84-926f-f7ff4667d6e7,Trial 48,bubble ,48,q-numerical,40,35,5,2.357552005,,,,
33803897-5f6e-4e84-926f-f7ff4667d6e7,Trial 49,bubble ,49,q-numerical,35,50,15,3.918863237,,,,
33803897-5f6e-4e84-926f-f7ff4667d6e7,Trial 50,pie ,50,q-numerical,100,85,15,3.918863237,,,,
33803897-5f6e-4e84-926f-f7ff4667d6e7,Trial 51,pie ,51,q-numerical,20,20,0,0,,,,
33803897-5f6e-4e84-926f-f7ff4667d6e7,Trial 52,bar ,52,q-numerical,60,65,5,2.357552005,,,,
33803897-5f6e-4e84-926f-f7ff4667d6e7,Trial 53,bar ,53,q-numerical,20,20,0,0,,,,
33803897-5f6e-4e84-926f-f7ff4667d6e7,Trial 54,pie ,54,q-numerical,100,90,10,3.339850003,,,,
33803897-5f6e-4e84-926f-f7ff4667d6e7,Trial 55,bar,55,q-numerical,30,30,0,0,,,,
33803897-5f6e-4e84-926f-f7ff4667d6e7,Trial 56,bubble ,56,q-numerical,15,15,0,0,,,,
33803897-5f6e-4e84-926f-f7ff4667d6e7,Trial 57,bar ,57,q-numerical,45,45,0,0,,,,
33803897-5f6e-4e84-926f-f7ff4667d6e7,Trial 58,bar ,58,q-numerical,50,55,5,2.357552005,,,,
33803897-5f6e-4e84-926f-f7ff4667d6e7,Trial 59,bar ,59,q-numerical,70,75,5,2.357552005,,,,
33803897-5f6e-4e84-926f-f7ff4667d6e7,Trial 60,bubble ,60,q-numerical,80,75,5,2.357552005,,,,
834709ec-b545-4f65-940e-768b8f484d23,Trial 1,bubble ,1,q-numerical,90,85,5,2.357552005,,,,
834709ec-b545-4f65-940e-768b8f484d23,Trial 2,bar ,2,q-numerical,10,10,0,0,,,,
834709ec-b545-4f65-940e-768b8f484d23,Trial 3,bar ,3,q-numerical,60,50,10,3.339850003,,,,
834709ec-b545-4f65-940e-768b8f484d23,Trial 4,bubble ,4,q-numerical,50,60,10,3.339850003,,,,
834709ec-b545-4f65-940e-768b8f484d23,Trial 5,pie ,5,q-numerical,5,10,5,2.357552005,,,,
834709ec-b545-4f65-940e-768b8f484d23,Trial 6,bubble ,6,q-numerical,90,90,0,0,,,,
834709ec-b545-4f65-940e-768b8f484d23,Trial 7,pie ,7,q-numerical,21,15,6,2.614709844,,,,
834709ec-b545-4f65-940e-768b8f484d23,Trial 8,bubble ,8,q-numerical,14,10,4,2.044394119,,,,
834709ec-b545-4f65-940e-768b8f484d23,Trial 9,bar ,9,q-numerical,82,70,12,3.599912842,,,,
834709ec-b545-4f65-940e-768b8f484d23,Trial 10,pie ,10,q-numerical,46,45,1,0.169925001,,,,
834709ec-b545-4f65-940e-768b8f484d23,Trial 11,bar ,11,q-numerical,36,40,4,2.044394119,,,,
834709ec-b545-4f65-940e-768b8f484d23,Trial 12,pie ,12,q-numerical,74,65,9,3.189824559,,,,
834709ec-b545-4f65-940e-768b8f484d23,Trial 13,bubble ,13,q-numerical,41,40,1,0.169925001,,,,
834709ec-b545-4f65-940e-768b8f484d23,Trial 14,bubble ,14,q-numerical,35,30,5,2.357552005,,,,
834709ec-b545-4f65-940e-768b8f484d23,Trial 15,bar ,15,q-numerical,86,80,6,2.614709844,,,,
834709ec-b545-4f65-940e-768b8f484d23,Trial 16,bar ,16,q-numerical,82,80,2,1.087462841,,,,
834709ec-b545-4f65-940e-768b8f484d23,Trial 17,pie ,17,q-numerical,92,80,12,3.599912842,,,,
834709ec-b545-4f65-940e-768b8f484d23,Trial 18,bubble ,18,q-numerical,44,45,1,0.169925001,,,,
834709ec-b545-4f65-940e-768b8f484d23,Trial 19,pie ,19,q-numerical,28,30,2,1.087462841,,,,
834709ec-b545-4f65-940e-768b8f484d23,Trial 20,bar ,20,q-numerical,18,25,7,2.832890014,,,,
834709ec-b545-4f65-940e-768b8f484d23,Trial 21,pie ,21,q-numerical,35,35,0,0,,,,
834709ec-b545-4f65-940e-768b8f484d23,Trial 22,pie ,22,q-numerical,81,70,11,3.475733431,,,,
834709ec-b545-4f65-940e-768b8f484d23,Trial 23,bar ,23,q-numerical,97,90,7,2.832890014,,,,
834709ec-b545-4f65-940e-768b8f484d23,Trial 24,bubble ,24,q-numerical,28,25,3,1.64385619,,,,
834709ec-b545-4f65-940e-768b8f484d23,Trial 25,pie ,25,q-numerical,14,25,11,3.475733431,,,,
834709ec-b545-4f65-940e-768b8f484d23,Trial 26,bubble ,26,q-numerical,78,65,13,3.714245518,,,,
834709ec-b545-4f65-940e-768b8f484d23,Trial 27,bar ,27,q-numerical,38,35,3,1.64385619,,,,
834709ec-b545-4f65-940e-768b8f484d23,Trial 28,bubble ,28,q-numerical,42,50,8,3.022367813,,,,
834709ec-b545-4f65-940e-768b8f484d23,Trial 29,bar ,29,q-numerical,56,60,4,2.044394119,,,,
834709ec-b545-4f65-940e-768b8f484d23,Trial 30,bar ,30,q-numerical,12,15,3,1.64385619,,,,
834709ec-b545-4f65-940e-768b8f484d23,Trial 31,bubble ,31,q-numerical,43,55,12,3.599912842,,,,
834709ec-b545-4f65-940e-768b8f484d23,Trial 32,pie ,32,q-numerical,34,35,1,0.169925001,,,,
834709ec-b545-4f65-940e-768b8f484d23,Trial 33,bubble ,33,q-numerical,27,30,3,1.64385619,,,,
834709ec-b545-4f65-940e-768b8f484d23,Trial 34,pie ,34,q-numerical,87,75,12,3.599912842,,,,
834709ec-b545-4f65-940e-768b8f484d23,Trial 35,bar ,35,q-numerical,48,55,7,2.832890014,,,,
834709ec-b545-4f65-940e-768b8f484d23,Trial 36,bubble ,36,q-numerical,21,20,1,0.169925001,,,,
834709ec-b545-4f65-940e-768b8f484d23,Trial 37,pie ,37,q-numerical,18,25,7,2.832890014,,,,
834709ec-b545-4f65-940e-768b8f484d23,Trial 38,bar,38,q-numerical,23,40,17,4.098032083,,,,
834709ec-b545-4f65-940e-768b8f484d23,Trial 39,pie ,39,q-numerical,58,50,8,3.022367813,,,,
834709ec-b545-4f65-940e-768b8f484d23,Trial 40,pie ,40,q-numerical,57,55,2,1.087462841,,,,
834709ec-b545-4f65-940e-768b8f484d23,Trial 41,pie ,41,q-numerical,49,40,9,3.189824559,,,,
834709ec-b545-4f65-940e-768b8f484d23,Trial 42,pie ,42,q-numerical,98,65,33,5.049848549,,,,
834709ec-b545-4f65-940e-768b8f484d23,Trial 43,bubble ,43,q-numerical,83,70,13,3.714245518,,,,
834709ec-b545-4f65-940e-768b8f484d23,Trial 44,pie ,44,q-numerical,56,60,4,2.044394119,,,,
834709ec-b545-4f65-940e-768b8f484d23,Trial 45,bar,45,q-numerical,88,85,3,1.64385619,,,,
834709ec-b545-4f65-940e-768b8f484d23,Trial 46,bubble ,46,q-numerical,23,15,8,3.022367813,,,,
834709ec-b545-4f65-940e-768b8f484d23,Trial 47,bubble ,47,q-numerical,85,80,5,2.357552005,,,,
834709ec-b545-4f65-940e-768b8f484d23,Trial 48,bubble ,48,q-numerical,22,35,13,3.714245518,,,,
834709ec-b545-4f65-940e-768b8f484d23,Trial 49,bubble ,49,q-numerical,32,50,18,4.17990909,,,,
834709ec-b545-4f65-940e-768b8f484d23,Trial 50,pie ,50,q-numerical,78,85,7,2.832890014,,,,
834709ec-b545-4f65-940e-768b8f484d23,Trial 51,pie ,51,q-numerical,24,20,4,2.044394119,,,,
834709ec-b545-4f65-940e-768b8f484d23,Trial 52,bar ,52,q-numerical,68,65,3,1.64385619,,,,
834709ec-b545-4f65-940e-768b8f484d23,Trial 53,bar ,53,q-numerical,17,20,3,1.64385619,,,,
834709ec-b545-4f65-940e-768b8f484d23,Trial 54,pie ,54,q-numerical,94,90,4,2.044394119,,,,
834709ec-b545-4f65-940e-768b8f484d23,Trial 55,bar,55,q-numerical,26,30,4,2.044394119,,,,
834709ec-b545-4f65-940e-768b8f484d23,Trial 56,bubble ,56,q-numerical,18,15,3,1.64385619,,,,
834709ec-b545-4f65-940e-768b8f484d23,Trial 57,bar ,57,q-numerical,36,45,9,3.189824559,,,,
834709ec-b545-4f65-940e-768b8f484d23,Trial 58,bar ,58,q-numerical,66,55,11,3.475733431,,,,
834709ec-b545-4f65-940e-768b8f484d23,Trial 59,bar ,59,q-numerical,87,75,12,3.599912842,,,,
834709ec-b545-4f65-940e-768b8f484d23,Trial 60,bubble ,60,q-numerical,83,75,8,3.022367813,,,,
8358b31e-c2ba-46ad-9832-d9136cfd5190,Trial 1,bubble ,1,q-numerical,80,85,5,2.357552005,,,,
8358b31e-c2ba-46ad-9832-d9136cfd5190,Trial 2,bar ,2,q-numerical,10,10,0,0,,,,
8358b31e-c2ba-46ad-9832-d9136cfd5190,Trial 3,bar ,3,q-numerical,40,50,10,3.339850003,,,,
8358b31e-c2ba-46ad-9832-d9136cfd5190,Trial 4,bubble ,4,q-numerical,60,60,0,0,,,,
8358b31e-c2ba-46ad-9832-d9136cfd5190,Trial 5,pie ,5,q-numerical,10,10,0,0,,,,
8358b31e-c2ba-46ad-9832-d9136cfd5190,Trial 6,bubble ,6,q-numerical,99,90,9,3.189824559,,,,
8358b31e-c2ba-46ad-9832-d9136cfd5190,Trial 7,pie ,7,q-numerical,15,15,0,0,,,,
8358b31e-c2ba-46ad-9832-d9136cfd5190,Trial 8,bubble ,8,q-numerical,10,10,0,0,,,,
8358b31e-c2ba-46ad-9832-d9136cfd5190,Trial 9,bar ,9,q-numerical,65,70,5,2.357552005,,,,
8358b31e-c2ba-46ad-9832-d9136cfd5190,Trial 10,pie ,10,q-numerical,30,45,15,3.918863237,,,,
8358b31e-c2ba-46ad-9832-d9136cfd5190,Trial 11,bar ,11,q-numerical,40,40,0,0,,,,
8358b31e-c2ba-46ad-9832-d9136cfd5190,Trial 12,pie ,12,q-numerical,80,65,15,3.918863237,,,,
8358b31e-c2ba-46ad-9832-d9136cfd5190,Trial 13,bubble ,13,q-numerical,40,40,0,0,,,,
8358b31e-c2ba-46ad-9832-d9136cfd5190,Trial 14,bubble ,14,q-numerical,30,30,0,0,,,,
8358b31e-c2ba-46ad-9832-d9136cfd5190,Trial 15,bar ,15,q-numerical,85,80,5,2.357552005,,,,
8358b31e-c2ba-46ad-9832-d9136cfd5190,Trial 16,bar ,16,q-numerical,70,80,10,3.339850003,,,,
8358b31e-c2ba-46ad-9832-d9136cfd5190,Trial 17,pie ,17,q-numerical,100,80,20,4.330916878,,,,
8358b31e-c2ba-46ad-9832-d9136cfd5190,Trial 18,bubble ,18,q-numerical,60,45,15,3.918863237,,,,
8358b31e-c2ba-46ad-9832-d9136cfd5190,Trial 19,pie ,19,q-numerical,20,30,10,3.339850003,,,,
8358b31e-c2ba-46ad-9832-d9136cfd5190,Trial 20,bar ,20,q-numerical,30,25,5,2.357552005,,,,
8358b31e-c2ba-46ad-9832-d9136cfd5190,Trial 21,pie ,21,q-numerical,40,35,5,2.357552005,,,,
8358b31e-c2ba-46ad-9832-d9136cfd5190,Trial 22,pie ,22,q-numerical,80,70,10,3.339850003,,,,
8358b31e-c2ba-46ad-9832-d9136cfd5190,Trial 23,bar ,23,q-numerical,90,90,0,0,,,,
8358b31e-c2ba-46ad-9832-d9136cfd5190,Trial 24,bubble ,24,q-numerical,20,25,5,2.357552005,,,,
8358b31e-c2ba-46ad-9832-d9136cfd5190,Trial 25,pie ,25,q-numerical,40,25,15,3.918863237,,,,
8358b31e-c2ba-46ad-9832-d9136cfd5190,Trial 26,bubble ,26,q-numerical,70,65,5,2.357552005,,,,
8358b31e-c2ba-46ad-9832-d9136cfd5190,Trial 27,bar ,27,q-numerical,25,35,10,3.339850003,,,,
8358b31e-c2ba-46ad-9832-d9136cfd5190,Trial 28,bubble ,28,q-numerical,80,50,30,4.912889336,,,,
8358b31e-c2ba-46ad-9832-d9136cfd5190,Trial 29,bar ,29,q-numerical,60,60,0,0,,,,
8358b31e-c2ba-46ad-9832-d9136cfd5190,Trial 30,bar ,30,q-numerical,10,15,5,2.357552005,,,,
8358b31e-c2ba-46ad-9832-d9136cfd5190,Trial 31,bubble ,31,q-numerical,50,55,5,2.357552005,,,,
8358b31e-c2ba-46ad-9832-d9136cfd5190,Trial 32,pie ,32,q-numerical,35,35,0,0,,,,
8358b31e-c2ba-46ad-9832-d9136cfd5190,Trial 33,bubble ,33,q-numerical,30,30,0,0,,,,
8358b31e-c2ba-46ad-9832-d9136cfd5190,Trial 34,pie ,34,q-numerical,70,75,5,2.357552005,,,,
8358b31e-c2ba-46ad-9832-d9136cfd5190,Trial 35,bar ,35,q-numerical,60,55,5,2.357552005,,,,
8358b31e-c2ba-46ad-9832-d9136cfd5190,Trial 36,bubble ,36,q-numerical,20,20,0,0,,,,
8358b31e-c2ba-46ad-9832-d9136cfd5190,Trial 37,pie ,37,q-numerical,30,25,5,2.357552005,,,,
8358b31e-c2ba-46ad-9832-d9136cfd5190,Trial 38,bar,38,q-numerical,40,40,0,0,,,,
8358b31e-c2ba-46ad-9832-d9136cfd5190,Trial 39,pie ,39,q-numerical,40,50,10,3.339850003,,,,
8358b31e-c2ba-46ad-9832-d9136cfd5190,Trial 40,pie ,40,q-numerical,50,55,5,2.357552005,,,,
8358b31e-c2ba-46ad-9832-d9136cfd5190,Trial 41,pie ,41,q-numerical,40,40,0,0,,,,
8358b31e-c2ba-46ad-9832-d9136cfd5190,Trial 42,pie ,42,q-numerical,60,65,5,2.357552005,,,,
8358b31e-c2ba-46ad-9832-d9136cfd5190,Trial 43,bubble ,43,q-numerical,90,70,20,4.330916878,,,,
8358b31e-c2ba-46ad-9832-d9136cfd5190,Trial 44,pie ,44,q-numerical,35,60,25,4.651051691,,,,
8358b31e-c2ba-46ad-9832-d9136cfd5190,Trial 45,bar,45,q-numerical,80,85,5,2.357552005,,,,
8358b31e-c2ba-46ad-9832-d9136cfd5190,Trial 46,bubble ,46,q-numerical,10,15,5,2.357552005,,,,
8358b31e-c2ba-46ad-9832-d9136cfd5190,Trial 47,bubble ,47,q-numerical,99,80,19,4.257387843,,,,
8358b31e-c2ba-46ad-9832-d9136cfd5190,Trial 48,bubble ,48,q-numerical,25,35,10,3.339850003,,,,
8358b31e-c2ba-46ad-9832-d9136cfd5190,Trial 49,bubble ,49,q-numerical,75,50,25,4.651051691,,,,
8358b31e-c2ba-46ad-9832-d9136cfd5190,Trial 50,pie ,50,q-numerical,100,85,15,3.918863237,,,,
8358b31e-c2ba-46ad-9832-d9136cfd5190,Trial 51,pie ,51,q-numerical,10,20,10,3.339850003,,,,
8358b31e-c2ba-46ad-9832-d9136cfd5190,Trial 52,bar ,52,q-numerical,40,65,25,4.651051691,,,,
8358b31e-c2ba-46ad-9832-d9136cfd5190,Trial 53,bar ,53,q-numerical,20,20,0,0,,,,
8358b31e-c2ba-46ad-9832-d9136cfd5190,Trial 54,pie ,54,q-numerical,100,90,10,3.339850003,,,,
8358b31e-c2ba-46ad-9832-d9136cfd5190,Trial 55,bar,55,q-numerical,30,30,0,0,,,,
8358b31e-c2ba-46ad-9832-d9136cfd5190,Trial 56,bubble ,56,q-numerical,15,15,0,0,,,,
8358b31e-c2ba-46ad-9832-d9136cfd5190,Trial 57,bar ,57,q-numerical,40,45,5,2.357552005,,,,
8358b31e-c2ba-46ad-9832-d9136cfd5190,Trial 58,bar ,58,q-numerical,50,55,5,2.357552005,,,,
8358b31e-c2ba-46ad-9832-d9136cfd5190,Trial 59,bar ,59,q-numerical,70,75,5,2.357552005,,,,
8358b31e-c2ba-46ad-9832-d9136cfd5190,Trial 60,bubble ,60,q-numerical,75,75,0,0,,,,
ccdc6873-fe52-4c42-8711-110da2ba1400,Trial 1,bubble ,1,q-numerical,80,85,5,2.357552005,,,,
ccdc6873-fe52-4c42-8711-110da2ba1400,Trial 2,bar ,2,q-numerical,10,10,0,0,,,,
ccdc6873-fe52-4c42-8711-110da2ba1400,Trial 3,bar ,3,q-numerical,50,50,0,0,,,,
ccdc6873-fe52-4c42-8711-110da2ba1400,Trial 4,bubble ,4,q-numerical,50,60,10,3.339850003,,,,
ccdc6873-fe52-4c42-8711-110da2ba1400,Trial 5,pie ,5,q-numerical,10,10,0,0,,,,
ccdc6873-fe52-4c42-8711-110da2ba1400,Trial 6,bubble ,6,q-numerical,90,90,0,0,,,,
ccdc6873-fe52-4c42-8711-110da2ba1400,Trial 7,pie ,7,q-numerical,20,15,5,2.357552005,,,,
ccdc6873-fe52-4c42-8711-110da2ba1400,Trial 8,bubble ,8,q-numerical,10,10,0,0,,,,
ccdc6873-fe52-4c42-8711-110da2ba1400,Trial 9,bar ,9,q-numerical,70,70,0,0,,,,
ccdc6873-fe52-4c42-8711-110da2ba1400,Trial 10,pie ,10,q-numerical,25,45,20,4.330916878,,,,
ccdc6873-fe52-4c42-8711-110da2ba1400,Trial 11,bar ,11,q-numerical,35,40,5,2.357552005,,,,
ccdc6873-fe52-4c42-8711-110da2ba1400,Trial 12,pie ,12,q-numerical,70,65,5,2.357552005,,,,
ccdc6873-fe52-4c42-8711-110da2ba1400,Trial 13,bubble ,13,q-numerical,40,40,0,0,,,,
ccdc6873-fe52-4c42-8711-110da2ba1400,Trial 14,bubble ,14,q-numerical,30,30,0,0,,,,
ccdc6873-fe52-4c42-8711-110da2ba1400,Trial 15,bar ,15,q-numerical,80,80,0,0,,,,
ccdc6873-fe52-4c42-8711-110da2ba1400,Trial 16,bar ,16,q-numerical,88,80,8,3.022367813,,,,
ccdc6873-fe52-4c42-8711-110da2ba1400,Trial 17,pie ,17,q-numerical,80,80,0,0,,,,
ccdc6873-fe52-4c42-8711-110da2ba1400,Trial 18,bubble ,18,q-numerical,60,45,15,3.918863237,,,,
ccdc6873-fe52-4c42-8711-110da2ba1400,Trial 19,pie ,19,q-numerical,20,30,10,3.339850003,,,,
ccdc6873-fe52-4c42-8711-110da2ba1400,Trial 20,bar ,20,q-numerical,20,25,5,2.357552005,,,,
ccdc6873-fe52-4c42-8711-110da2ba1400,Trial 21,pie ,21,q-numerical,25,35,10,3.339850003,,,,
ccdc6873-fe52-4c42-8711-110da2ba1400,Trial 22,pie ,22,q-numerical,70,70,0,0,,,,
ccdc6873-fe52-4c42-8711-110da2ba1400,Trial 23,bar ,23,q-numerical,90,90,0,0,,,,
ccdc6873-fe52-4c42-8711-110da2ba1400,Trial 24,bubble ,24,q-numerical,30,25,5,2.357552005,,,,
ccdc6873-fe52-4c42-8711-110da2ba1400,Trial 25,pie ,25,q-numerical,20,25,5,2.357552005,,,,
ccdc6873-fe52-4c42-8711-110da2ba1400,Trial 26,bubble ,26,q-numerical,65,65,0,0,,,,
ccdc6873-fe52-4c42-8711-110da2ba1400,Trial 27,bar ,27,q-numerical,30,35,5,2.357552005,,,,
ccdc6873-fe52-4c42-8711-110da2ba1400,Trial 28,bubble ,28,q-numerical,50,50,0,0,,,,
ccdc6873-fe52-4c42-8711-110da2ba1400,Trial 29,bar ,29,q-numerical,60,60,0,0,,,,
ccdc6873-fe52-4c42-8711-110da2ba1400,Trial 30,bar ,30,q-numerical,10,15,5,2.357552005,,,,
ccdc6873-fe52-4c42-8711-110da2ba1400,Trial 31,bubble ,31,q-numerical,60,55,5,2.357552005,,,,
ccdc6873-fe52-4c42-8711-110da2ba1400,Trial 32,pie ,32,q-numerical,50,35,15,3.918863237,,,,
ccdc6873-fe52-4c42-8711-110da2ba1400,Trial 33,bubble ,33,q-numerical,30,30,0,0,,,,
ccdc6873-fe52-4c42-8711-110da2ba1400,Trial 34,pie ,34,q-numerical,70,75,5,2.357552005,,,,
ccdc6873-fe52-4c42-8711-110da2ba1400,Trial 35,bar ,35,q-numerical,60,55,5,2.357552005,,,,
ccdc6873-fe52-4c42-8711-110da2ba1400,Trial 36,bubble ,36,q-numerical,20,20,0,0,,,,
ccdc6873-fe52-4c42-8711-110da2ba1400,Trial 37,pie ,37,q-numerical,20,25,5,2.357552005,,,,
ccdc6873-fe52-4c42-8711-110da2ba1400,Trial 38,bar,38,q-numerical,30,40,10,3.339850003,,,,
ccdc6873-fe52-4c42-8711-110da2ba1400,Trial 39,pie ,39,q-numerical,40,50,10,3.339850003,,,,
ccdc6873-fe52-4c42-8711-110da2ba1400,Trial 40,pie ,40,q-numerical,2,55,53,5.731319031,,,,
ccdc6873-fe52-4c42-8711-110da2ba1400,Trial 41,pie ,41,q-numerical,3,40,37,5.214319121,,,,
ccdc6873-fe52-4c42-8711-110da2ba1400,Trial 42,pie ,42,q-numerical,66,65,1,0.169925001,,,,
ccdc6873-fe52-4c42-8711-110da2ba1400,Trial 43,bubble ,43,q-numerical,70,70,0,0,,,,
ccdc6873-fe52-4c42-8711-110da2ba1400,Trial 44,pie ,44,q-numerical,50,60,10,3.339850003,,,,
ccdc6873-fe52-4c42-8711-110da2ba1400,Trial 45,bar,45,q-numerical,80,85,5,2.357552005,,,,
ccdc6873-fe52-4c42-8711-110da2ba1400,Trial 46,bubble ,46,q-numerical,10,15,5,2.357552005,,,,
ccdc6873-fe52-4c42-8711-110da2ba1400,Trial 47,bubble ,47,q-numerical,90,80,10,3.339850003,,,,
ccdc6873-fe52-4c42-8711-110da2ba1400,Trial 48,bubble ,48,q-numerical,20,35,15,3.918863237,,,,
ccdc6873-fe52-4c42-8711-110da2ba1400,Trial 49,bubble ,49,q-numerical,50,50,0,0,,,,
ccdc6873-fe52-4c42-8711-110da2ba1400,Trial 50,pie ,50,q-numerical,50,85,35,5.13442632,,,,
ccdc6873-fe52-4c42-8711-110da2ba1400,Trial 51,pie ,51,q-numerical,10,20,10,3.339850003,,,,
ccdc6873-fe52-4c42-8711-110da2ba1400,Trial 52,bar ,52,q-numerical,70,65,5,2.357552005,,,,
ccdc6873-fe52-4c42-8711-110da2ba1400,Trial 53,bar ,53,q-numerical,15,20,5,2.357552005,,,,
ccdc6873-fe52-4c42-8711-110da2ba1400,Trial 54,pie ,54,q-numerical,90,90,0,0,,,,
ccdc6873-fe52-4c42-8711-110da2ba1400,Trial 55,bar,55,q-numerical,30,30,0,0,,,,
ccdc6873-fe52-4c42-8711-110da2ba1400,Trial 56,bubble ,56,q-numerical,10,15,5,2.357552005,,,,
ccdc6873-fe52-4c42-8711-110da2ba1400,Trial 57,bar ,57,q-numerical,40,45,5,2.357552005,,,,
ccdc6873-fe52-4c42-8711-110da2ba1400,Trial 58,bar ,58,q-numerical,50,55,5,2.357552005,,,,
ccdc6873-fe52-4c42-8711-110da2ba1400,Trial 59,bar ,59,q-numerical,70,75,5,2.357552005,,,,
ccdc6873-fe52-4c42-8711-110da2ba1400,Trial 60,bubble ,60,q-numerical,80,75,5,2.357552005,,,,
43a8ab79-8686-4648-88d7-bf9438e6064f,Trial 1,bubble ,1,q-numerical,98,85,13,3.714245518,,,,
43a8ab79-8686-4648-88d7-bf9438e6064f,Trial 2,bar ,2,q-numerical,8,10,2,1.087462841,,,,
43a8ab79-8686-4648-88d7-bf9438e6064f,Trial 3,bar ,3,q-numerical,48,50,2,1.087462841,,,,
43a8ab79-8686-4648-88d7-bf9438e6064f,Trial 4,bubble ,4,q-numerical,70,60,10,3.339850003,,,,
43a8ab79-8686-4648-88d7-bf9438e6064f,Trial 5,pie ,5,q-numerical,8,10,2,1.087462841,,,,
43a8ab79-8686-4648-88d7-bf9438e6064f,Trial 6,bubble ,6,q-numerical,90,90,0,0,,,,
43a8ab79-8686-4648-88d7-bf9438e6064f,Trial 7,pie ,7,q-numerical,12,15,3,1.64385619,,,,
43a8ab79-8686-4648-88d7-bf9438e6064f,Trial 8,bubble ,8,q-numerical,15,10,5,2.357552005,,,,
43a8ab79-8686-4648-88d7-bf9438e6064f,Trial 9,bar ,9,q-numerical,78,70,8,3.022367813,,,,
43a8ab79-8686-4648-88d7-bf9438e6064f,Trial 10,pie ,10,q-numerical,33,45,12,3.599912842,,,,
43a8ab79-8686-4648-88d7-bf9438e6064f,Trial 11,bar ,11,q-numerical,40,40,0,0,,,,
43a8ab79-8686-4648-88d7-bf9438e6064f,Trial 12,pie ,12,q-numerical,67,65,2,1.087462841,,,,
43a8ab79-8686-4648-88d7-bf9438e6064f,Trial 13,bubble ,13,q-numerical,50,40,10,3.339850003,,,,
43a8ab79-8686-4648-88d7-bf9438e6064f,Trial 14,bubble ,14,q-numerical,30,30,0,0,,,,
43a8ab79-8686-4648-88d7-bf9438e6064f,Trial 15,bar ,15,q-numerical,82,80,2,1.087462841,,,,
43a8ab79-8686-4648-88d7-bf9438e6064f,Trial 16,bar ,16,q-numerical,80,80,0,0,,,,
43a8ab79-8686-4648-88d7-bf9438e6064f,Trial 17,pie ,17,q-numerical,85,80,5,2.357552005,,,,
43a8ab79-8686-4648-88d7-bf9438e6064f,Trial 18,bubble ,18,q-numerical,60,45,15,3.918863237,,,,
43a8ab79-8686-4648-88d7-bf9438e6064f,Trial 19,pie ,19,q-numerical,35,30,5,2.357552005,,,,
43a8ab79-8686-4648-88d7-bf9438e6064f,Trial 20,bar ,20,q-numerical,25,25,0,0,,,,
43a8ab79-8686-4648-88d7-bf9438e6064f,Trial 21,pie ,21,q-numerical,30,35,5,2.357552005,,,,
43a8ab79-8686-4648-88d7-bf9438e6064f,Trial 22,pie ,22,q-numerical,80,70,10,3.339850003,,,,
43a8ab79-8686-4648-88d7-bf9438e6064f,Trial 23,bar ,23,q-numerical,90,90,0,0,,,,
43a8ab79-8686-4648-88d7-bf9438e6064f,Trial 24,bubble ,24,q-numerical,20,25,5,2.357552005,,,,
43a8ab79-8686-4648-88d7-bf9438e6064f,Trial 25,pie ,25,q-numerical,25,25,0,0,,,,
43a8ab79-8686-4648-88d7-bf9438e6064f,Trial 26,bubble ,26,q-numerical,67,65,2,1.087462841,,,,
43a8ab79-8686-4648-88d7-bf9438e6064f,Trial 27,bar ,27,q-numerical,35,35,0,0,,,,
43a8ab79-8686-4648-88d7-bf9438e6064f,Trial 28,bubble ,28,q-numerical,60,50,10,3.339850003,,,,
43a8ab79-8686-4648-88d7-bf9438e6064f,Trial 29,bar ,29,q-numerical,62,60,2,1.087462841,,,,
43a8ab79-8686-4648-88d7-bf9438e6064f,Trial 30,bar ,30,q-numerical,15,15,0,0,,,,
43a8ab79-8686-4648-88d7-bf9438e6064f,Trial 31,bubble ,31,q-numerical,60,55,5,2.357552005,,,,
43a8ab79-8686-4648-88d7-bf9438e6064f,Trial 32,pie ,32,q-numerical,33,35,2,1.087462841,,,,
43a8ab79-8686-4648-88d7-bf9438e6064f,Trial 33,bubble ,33,q-numerical,30,30,0,0,,,,
43a8ab79-8686-4648-88d7-bf9438e6064f,Trial 34,pie ,34,q-numerical,95,75,20,4.330916878,,,,
43a8ab79-8686-4648-88d7-bf9438e6064f,Trial 35,bar ,35,q-numerical,55,55,0,0,,,,
43a8ab79-8686-4648-88d7-bf9438e6064f,Trial 36,bubble ,36,q-numerical,20,20,0,0,,,,
43a8ab79-8686-4648-88d7-bf9438e6064f,Trial 37,pie ,37,q-numerical,25,25,0,0,,,,
43a8ab79-8686-4648-88d7-bf9438e6064f,Trial 38,bar,38,q-numerical,40,40,0,0,,,,
43a8ab79-8686-4648-88d7-bf9438e6064f,Trial 39,pie ,39,q-numerical,50,50,0,0,,,,
43a8ab79-8686-4648-88d7-bf9438e6064f,Trial 40,pie ,40,q-numerical,55,55,0,0,,,,
43a8ab79-8686-4648-88d7-bf9438e6064f,Trial 41,pie ,41,q-numerical,30,40,10,3.339850003,,,,
43a8ab79-8686-4648-88d7-bf9438e6064f,Trial 42,pie ,42,q-numerical,60,65,5,2.357552005,,,,
43a8ab79-8686-4648-88d7-bf9438e6064f,Trial 43,bubble ,43,q-numerical,80,70,10,3.339850003,,,,
43a8ab79-8686-4648-88d7-bf9438e6064f,Trial 44,pie ,44,q-numerical,67,60,7,2.832890014,,,,
43a8ab79-8686-4648-88d7-bf9438e6064f,Trial 45,bar,45,q-numerical,82,85,3,1.64385619,,,,
43a8ab79-8686-4648-88d7-bf9438e6064f,Trial 46,bubble ,46,q-numerical,10,15,5,2.357552005,,,,
43a8ab79-8686-4648-88d7-bf9438e6064f,Trial 47,bubble ,47,q-numerical,90,80,10,3.339850003,,,,
43a8ab79-8686-4648-88d7-bf9438e6064f,Trial 48,bubble ,48,q-numerical,30,35,5,2.357552005,,,,
43a8ab79-8686-4648-88d7-bf9438e6064f,Trial 49,bubble ,49,q-numerical,50,50,0,0,,,,
43a8ab79-8686-4648-88d7-bf9438e6064f,Trial 50,pie ,50,q-numerical,97,85,12,3.599912842,,,,
43a8ab79-8686-4648-88d7-bf9438e6064f,Trial 51,pie ,51,q-numerical,12,20,8,3.022367813,,,,
43a8ab79-8686-4648-88d7-bf9438e6064f,Trial 52,bar ,52,q-numerical,70,65,5,2.357552005,,,,
43a8ab79-8686-4648-88d7-bf9438e6064f,Trial 53,bar ,53,q-numerical,20,20,0,0,,,,
43a8ab79-8686-4648-88d7-bf9438e6064f,Trial 54,pie ,54,q-numerical,98,90,8,3.022367813,,,,
43a8ab79-8686-4648-88d7-bf9438e6064f,Trial 55,bar,55,q-numerical,30,30,0,0,,,,
43a8ab79-8686-4648-88d7-bf9438e6064f,Trial 56,bubble ,56,q-numerical,15,15,0,0,,,,
43a8ab79-8686-4648-88d7-bf9438e6064f,Trial 57,bar ,57,q-numerical,40,45,5,2.357552005,,,,
43a8ab79-8686-4648-88d7-bf9438e6064f,Trial 58,bar ,58,q-numerical,53,55,2,1.087462841,,,,
43a8ab79-8686-4648-88d7-bf9438e6064f,Trial 59,bar ,59,q-numerical,80,75,5,2.357552005,,,,
43a8ab79-8686-4648-88d7-bf9438e6064f,Trial 60,bubble ,60,q-numerical,80,75,5,2.357552005,,,,
747eb799-e3d5-4b93-ad53-ad28d60f993f,Trial 1,bubble ,1,q-numerical,90,85,5,2.357552005,,,,
747eb799-e3d5-4b93-ad53-ad28d60f993f,Trial 2,bar ,2,q-numerical,10,10,0,0,,,,
747eb799-e3d5-4b93-ad53-ad28d60f993f,Trial 3,bar ,3,q-numerical,45,50,5,2.357552005,,,,
747eb799-e3d5-4b93-ad53-ad28d60f993f,Trial 4,bubble ,4,q-numerical,80,60,20,4.330916878,,,,
747eb799-e3d5-4b93-ad53-ad28d60f993f,Trial 5,pie ,5,q-numerical,10,10,0,0,,,,
747eb799-e3d5-4b93-ad53-ad28d60f993f,Trial 6,bubble ,6,q-numerical,90,90,0,0,,,,
747eb799-e3d5-4b93-ad53-ad28d60f993f,Trial 7,pie ,7,q-numerical,15,15,0,0,,,,
747eb799-e3d5-4b93-ad53-ad28d60f993f,Trial 8,bubble ,8,q-numerical,10,10,0,0,,,,
747eb799-e3d5-4b93-ad53-ad28d60f993f,Trial 9,bar ,9,q-numerical,80,70,10,3.339850003,,,,
747eb799-e3d5-4b93-ad53-ad28d60f993f,Trial 10,pie ,10,q-numerical,40,45,5,2.357552005,,,,
747eb799-e3d5-4b93-ad53-ad28d60f993f,Trial 11,bar ,11,q-numerical,45,40,5,2.357552005,,,,
747eb799-e3d5-4b93-ad53-ad28d60f993f,Trial 12,pie ,12,q-numerical,85,65,20,4.330916878,,,,
747eb799-e3d5-4b93-ad53-ad28d60f993f,Trial 13,bubble ,13,q-numerical,40,40,0,0,,,,
747eb799-e3d5-4b93-ad53-ad28d60f993f,Trial 14,bubble ,14,q-numerical,25,30,5,2.357552005,,,,
747eb799-e3d5-4b93-ad53-ad28d60f993f,Trial 15,bar ,15,q-numerical,85,80,5,2.357552005,,,,
747eb799-e3d5-4b93-ad53-ad28d60f993f,Trial 16,bar ,16,q-numerical,85,80,5,2.357552005,,,,
747eb799-e3d5-4b93-ad53-ad28d60f993f,Trial 17,pie ,17,q-numerical,85,80,5,2.357552005,,,,
747eb799-e3d5-4b93-ad53-ad28d60f993f,Trial 18,bubble ,18,q-numerical,30,45,15,3.918863237,,,,
747eb799-e3d5-4b93-ad53-ad28d60f993f,Trial 19,pie ,19,q-numerical,10,30,20,4.330916878,,,,
747eb799-e3d5-4b93-ad53-ad28d60f993f,Trial 20,bar ,20,q-numerical,20,25,5,2.357552005,,,,
747eb799-e3d5-4b93-ad53-ad28d60f993f,Trial 21,pie ,21,q-numerical,30,35,5,2.357552005,,,,
747eb799-e3d5-4b93-ad53-ad28d60f993f,Trial 22,pie ,22,q-numerical,60,70,10,3.339850003,,,,
747eb799-e3d5-4b93-ad53-ad28d60f993f,Trial 23,bar ,23,q-numerical,90,90,0,0,,,,
747eb799-e3d5-4b93-ad53-ad28d60f993f,Trial 24,bubble ,24,q-numerical,20,25,5,2.357552005,,,,
747eb799-e3d5-4b93-ad53-ad28d60f993f,Trial 25,pie ,25,q-numerical,20,25,5,2.357552005,,,,
747eb799-e3d5-4b93-ad53-ad28d60f993f,Trial 26,bubble ,26,q-numerical,70,65,5,2.357552005,,,,
747eb799-e3d5-4b93-ad53-ad28d60f993f,Trial 27,bar ,27,q-numerical,35,35,0,0,,,,
747eb799-e3d5-4b93-ad53-ad28d60f993f,Trial 28,bubble ,28,q-numerical,55,50,5,2.357552005,,,,
747eb799-e3d5-4b93-ad53-ad28d60f993f,Trial 29,bar ,29,q-numerical,55,60,5,2.357552005,,,,
747eb799-e3d5-4b93-ad53-ad28d60f993f,Trial 30,bar ,30,q-numerical,15,15,0,0,,,,
747eb799-e3d5-4b93-ad53-ad28d60f993f,Trial 31,bubble ,31,q-numerical,40,55,15,3.918863237,,,,
747eb799-e3d5-4b93-ad53-ad28d60f993f,Trial 32,pie ,32,q-numerical,25,35,10,3.339850003,,,,
747eb799-e3d5-4b93-ad53-ad28d60f993f,Trial 33,bubble ,33,q-numerical,25,30,5,2.357552005,,,,
747eb799-e3d5-4b93-ad53-ad28d60f993f,Trial 34,pie ,34,q-numerical,75,75,0,0,,,,
747eb799-e3d5-4b93-ad53-ad28d60f993f,Trial 35,bar ,35,q-numerical,55,55,0,0,,,,
747eb799-e3d5-4b93-ad53-ad28d60f993f,Trial 36,bubble ,36,q-numerical,20,20,0,0,,,,
747eb799-e3d5-4b93-ad53-ad28d60f993f,Trial 37,pie ,37,q-numerical,15,25,10,3.339850003,,,,
747eb799-e3d5-4b93-ad53-ad28d60f993f,Trial 38,bar,38,q-numerical,30,40,10,3.339850003,,,,
747eb799-e3d5-4b93-ad53-ad28d60f993f,Trial 39,pie ,39,q-numerical,45,50,5,2.357552005,,,,
747eb799-e3d5-4b93-ad53-ad28d60f993f,Trial 40,pie ,40,q-numerical,60,55,5,2.357552005,,,,
747eb799-e3d5-4b93-ad53-ad28d60f993f,Trial 41,pie ,41,q-numerical,40,40,0,0,,,,
747eb799-e3d5-4b93-ad53-ad28d60f993f,Trial 42,pie ,42,q-numerical,70,65,5,2.357552005,,,,
747eb799-e3d5-4b93-ad53-ad28d60f993f,Trial 43,bubble ,43,q-numerical,85,70,15,3.918863237,,,,
747eb799-e3d5-4b93-ad53-ad28d60f993f,Trial 44,pie ,44,q-numerical,80,60,20,4.330916878,,,,
747eb799-e3d5-4b93-ad53-ad28d60f993f,Trial 45,bar,45,q-numerical,90,85,5,2.357552005,,,,
747eb799-e3d5-4b93-ad53-ad28d60f993f,Trial 46,bubble ,46,q-numerical,15,15,0,0,,,,
747eb799-e3d5-4b93-ad53-ad28d60f993f,Trial 47,bubble ,47,q-numerical,80,80,0,0,,,,
747eb799-e3d5-4b93-ad53-ad28d60f993f,Trial 48,bubble ,48,q-numerical,35,35,0,0,,,,
747eb799-e3d5-4b93-ad53-ad28d60f993f,Trial 49,bubble ,49,q-numerical,55,50,5,2.357552005,,,,
747eb799-e3d5-4b93-ad53-ad28d60f993f,Trial 50,pie ,50,q-numerical,95,85,10,3.339850003,,,,
747eb799-e3d5-4b93-ad53-ad28d60f993f,Trial 51,pie ,51,q-numerical,20,20,0,0,,,,
747eb799-e3d5-4b93-ad53-ad28d60f993f,Trial 52,bar ,52,q-numerical,65,65,0,0,,,,
747eb799-e3d5-4b93-ad53-ad28d60f993f,Trial 53,bar ,53,q-numerical,20,20,0,0,,,,
747eb799-e3d5-4b93-ad53-ad28d60f993f,Trial 54,pie ,54,q-numerical,85,90,5,2.357552005,,,,
747eb799-e3d5-4b93-ad53-ad28d60f993f,Trial 55,bar,55,q-numerical,35,30,5,2.357552005,,,,
747eb799-e3d5-4b93-ad53-ad28d60f993f,Trial 56,bubble ,56,q-numerical,20,15,5,2.357552005,,,,
747eb799-e3d5-4b93-ad53-ad28d60f993f,Trial 57,bar ,57,q-numerical,45,45,0,0,,,,
747eb799-e3d5-4b93-ad53-ad28d60f993f,Trial 58,bar ,58,q-numerical,55,55,0,0,,,,
747eb799-e3d5-4b93-ad53-ad28d60f993f,Trial 59,bar ,59,q-numerical,80,75,5,2.357552005,,,,
747eb799-e3d5-4b93-ad53-ad28d60f993f,Trial 60,bubble ,60,q-numerical,90,75,15,3.918863237,,,,
7eb39e2a-765a-4b6a-8d45-102fea82afdf,Trial 1,bubble ,1,q-numerical,90,85,5,2.357552005,,,,
7eb39e2a-765a-4b6a-8d45-102fea82afdf,Trial 2,bar ,2,q-numerical,12.5,10,2.5,1.392317423,,,,
7eb39e2a-765a-4b6a-8d45-102fea82afdf,Trial 3,bar ,3,q-numerical,50,50,0,0,,,,
7eb39e2a-765a-4b6a-8d45-102fea82afdf,Trial 4,bubble ,4,q-numerical,85,60,25,4.651051691,,,,
7eb39e2a-765a-4b6a-8d45-102fea82afdf,Trial 5,pie ,5,q-numerical,15,10,5,2.357552005,,,,
7eb39e2a-765a-4b6a-8d45-102fea82afdf,Trial 6,bubble ,6,q-numerical,95,90,5,2.357552005,,,,
7eb39e2a-765a-4b6a-8d45-102fea82afdf,Trial 7,pie ,7,q-numerical,12.5,15,2.5,1.392317423,,,,
7eb39e2a-765a-4b6a-8d45-102fea82afdf,Trial 8,bubble ,8,q-numerical,33,10,23,4.531381461,,,,
7eb39e2a-765a-4b6a-8d45-102fea82afdf,Trial 9,bar ,9,q-numerical,75,70,5,2.357552005,,,,
7eb39e2a-765a-4b6a-8d45-102fea82afdf,Trial 10,pie ,10,q-numerical,59,45,14,3.820178962,,,,
7eb39e2a-765a-4b6a-8d45-102fea82afdf,Trial 11,bar ,11,q-numerical,33,40,7,2.832890014,,,,
7eb39e2a-765a-4b6a-8d45-102fea82afdf,Trial 12,pie ,12,q-numerical,75,65,10,3.339850003,,,,
7eb39e2a-765a-4b6a-8d45-102fea82afdf,Trial 13,bubble ,13,q-numerical,66,40,26,4.707359132,,,,
7eb39e2a-765a-4b6a-8d45-102fea82afdf,Trial 14,bubble ,14,q-numerical,50,30,20,4.330916878,,,,
7eb39e2a-765a-4b6a-8d45-102fea82afdf,Trial 15,bar ,15,q-numerical,80,80,0,0,,,,
7eb39e2a-765a-4b6a-8d45-102fea82afdf,Trial 16,bar ,16,q-numerical,80,80,0,0,,,,
7eb39e2a-765a-4b6a-8d45-102fea82afdf,Trial 17,pie ,17,q-numerical,90,80,10,3.339850003,,,,
7eb39e2a-765a-4b6a-8d45-102fea82afdf,Trial 18,bubble ,18,q-numerical,75,45,30,4.912889336,,,,
7eb39e2a-765a-4b6a-8d45-102fea82afdf,Trial 19,pie ,19,q-numerical,20,30,10,3.339850003,,,,
7eb39e2a-765a-4b6a-8d45-102fea82afdf,Trial 20,bar ,20,q-numerical,20,25,5,2.357552005,,,,
7eb39e2a-765a-4b6a-8d45-102fea82afdf,Trial 21,pie ,21,q-numerical,33,35,2,1.087462841,,,,
7eb39e2a-765a-4b6a-8d45-102fea82afdf,Trial 22,pie ,22,q-numerical,80,70,10,3.339850003,,,,
7eb39e2a-765a-4b6a-8d45-102fea82afdf,Trial 23,bar ,23,q-numerical,93,90,3,1.64385619,,,,
7eb39e2a-765a-4b6a-8d45-102fea82afdf,Trial 24,bubble ,24,q-numerical,33,25,8,3.022367813,,,,
7eb39e2a-765a-4b6a-8d45-102fea82afdf,Trial 25,pie ,25,q-numerical,20,25,5,2.357552005,,,,
7eb39e2a-765a-4b6a-8d45-102fea82afdf,Trial 26,bubble ,26,q-numerical,80,65,15,3.918863237,,,,
7eb39e2a-765a-4b6a-8d45-102fea82afdf,Trial 27,bar ,27,q-numerical,33,35,2,1.087462841,,,,
7eb39e2a-765a-4b6a-8d45-102fea82afdf,Trial 28,bubble ,28,q-numerical,50,50,0,0,,,,
7eb39e2a-765a-4b6a-8d45-102fea82afdf,Trial 29,bar ,29,q-numerical,60,60,0,0,,,,
7eb39e2a-765a-4b6a-8d45-102fea82afdf,Trial 30,bar ,30,q-numerical,12.5,15,2.5,1.392317423,,,,
7eb39e2a-765a-4b6a-8d45-102fea82afdf,Trial 31,bubble ,31,q-numerical,66,55,11,3.475733431,,,,
7eb39e2a-765a-4b6a-8d45-102fea82afdf,Trial 32,pie ,32,q-numerical,33,35,2,1.087462841,,,,
7eb39e2a-765a-4b6a-8d45-102fea82afdf,Trial 33,bubble ,33,q-numerical,33,30,3,1.64385619,,,,
7eb39e2a-765a-4b6a-8d45-102fea82afdf,Trial 34,pie ,34,q-numerical,80,75,5,2.357552005,,,,
7eb39e2a-765a-4b6a-8d45-102fea82afdf,Trial 35,bar ,35,q-numerical,60,55,5,2.357552005,,,,
7eb39e2a-765a-4b6a-8d45-102fea82afdf,Trial 36,bubble ,36,q-numerical,33,20,13,3.714245518,,,,
7eb39e2a-765a-4b6a-8d45-102fea82afdf,Trial 37,pie ,37,q-numerical,20,25,5,2.357552005,,,,
7eb39e2a-765a-4b6a-8d45-102fea82afdf,Trial 38,bar,38,q-numerical,40,40,0,0,,,,
7eb39e2a-765a-4b6a-8d45-102fea82afdf,Trial 39,pie ,39,q-numerical,50,50,0,0,,,,
7eb39e2a-765a-4b6a-8d45-102fea82afdf,Trial 40,pie ,40,q-numerical,50,55,5,2.357552005,,,,
7eb39e2a-765a-4b6a-8d45-102fea82afdf,Trial 41,pie ,41,q-numerical,50,40,10,3.339850003,,,,
7eb39e2a-765a-4b6a-8d45-102fea82afdf,Trial 42,pie ,42,q-numerical,66,65,1,0.169925001,,,,
7eb39e2a-765a-4b6a-8d45-102fea82afdf,Trial 43,bubble ,43,q-numerical,80,70,10,3.339850003,,,,
7eb39e2a-765a-4b6a-8d45-102fea82afdf,Trial 44,pie ,44,q-numerical,50,60,10,3.339850003,,,,
7eb39e2a-765a-4b6a-8d45-102fea82afdf,Trial 45,bar,45,q-numerical,90,85,5,2.357552005,,,,
7eb39e2a-765a-4b6a-8d45-102fea82afdf,Trial 46,bubble ,46,q-numerical,25,15,10,3.339850003,,,,
7eb39e2a-765a-4b6a-8d45-102fea82afdf,Trial 47,bubble ,47,q-numerical,80,80,0,0,,,,
7eb39e2a-765a-4b6a-8d45-102fea82afdf,Trial 48,bubble ,48,q-numerical,33,35,2,1.087462841,,,,
7eb39e2a-765a-4b6a-8d45-102fea82afdf,Trial 49,bubble ,49,q-numerical,50,50,0,0,,,,
7eb39e2a-765a-4b6a-8d45-102fea82afdf,Trial 50,pie ,50,q-numerical,100,85,15,3.918863237,,,,
7eb39e2a-765a-4b6a-8d45-102fea82afdf,Trial 51,pie ,51,q-numerical,20,20,0,0,,,,
7eb39e2a-765a-4b6a-8d45-102fea82afdf,Trial 52,bar ,52,q-numerical,60,65,5,2.357552005,,,,
7eb39e2a-765a-4b6a-8d45-102fea82afdf,Trial 53,bar ,53,q-numerical,20,20,0,0,,,,
7eb39e2a-765a-4b6a-8d45-102fea82afdf,Trial 54,pie ,54,q-numerical,90,90,0,0,,,,
7eb39e2a-765a-4b6a-8d45-102fea82afdf,Trial 55,bar,55,q-numerical,33,30,3,1.64385619,,,,
7eb39e2a-765a-4b6a-8d45-102fea82afdf,Trial 56,bubble ,56,q-numerical,25,15,10,3.339850003,,,,
7eb39e2a-765a-4b6a-8d45-102fea82afdf,Trial 57,bar ,57,q-numerical,50,45,5,2.357552005,,,,
7eb39e2a-765a-4b6a-8d45-102fea82afdf,Trial 58,bar ,58,q-numerical,60,55,5,2.357552005,,,,
7eb39e2a-765a-4b6a-8d45-102fea82afdf,Trial 59,bar ,59,q-numerical,75,75,0,0,,,,
7eb39e2a-765a-4b6a-8d45-102fea82afdf,Trial 60,bubble ,60,q-numerical,80,75,5,2.357552005,,,,
842e15ce-e19e-426b-bca9-e042c8122b7e,Trial 1,bubble ,1,q-numerical,85,85,0,0,,,,
842e15ce-e19e-426b-bca9-e042c8122b7e,Trial 2,bar ,2,q-numerical,5,10,5,2.357552005,,,,
842e15ce-e19e-426b-bca9-e042c8122b7e,Trial 3,bar ,3,q-numerical,45,50,5,2.357552005,,,,
842e15ce-e19e-426b-bca9-e042c8122b7e,Trial 4,bubble ,4,q-numerical,70,60,10,3.339850003,,,,
842e15ce-e19e-426b-bca9-e042c8122b7e,Trial 5,pie ,5,q-numerical,15,10,5,2.357552005,,,,
842e15ce-e19e-426b-bca9-e042c8122b7e,Trial 6,bubble ,6,q-numerical,95,90,5,2.357552005,,,,
842e15ce-e19e-426b-bca9-e042c8122b7e,Trial 7,pie ,7,q-numerical,30,15,15,3.918863237,,,,
842e15ce-e19e-426b-bca9-e042c8122b7e,Trial 8,bubble ,8,q-numerical,15,10,5,2.357552005,,,,
842e15ce-e19e-426b-bca9-e042c8122b7e,Trial 9,bar ,9,q-numerical,75,70,5,2.357552005,,,,
842e15ce-e19e-426b-bca9-e042c8122b7e,Trial 10,pie ,10,q-numerical,50,45,5,2.357552005,,,,
842e15ce-e19e-426b-bca9-e042c8122b7e,Trial 11,bar ,11,q-numerical,25,40,15,3.918863237,,,,
842e15ce-e19e-426b-bca9-e042c8122b7e,Trial 12,pie ,12,q-numerical,80,65,15,3.918863237,,,,
842e15ce-e19e-426b-bca9-e042c8122b7e,Trial 13,bubble ,13,q-numerical,25,40,15,3.918863237,,,,
842e15ce-e19e-426b-bca9-e042c8122b7e,Trial 14,bubble ,14,q-numerical,35,30,5,2.357552005,,,,
842e15ce-e19e-426b-bca9-e042c8122b7e,Trial 15,bar ,15,q-numerical,80,80,0,0,,,,
842e15ce-e19e-426b-bca9-e042c8122b7e,Trial 16,bar ,16,q-numerical,80,80,0,0,,,,
842e15ce-e19e-426b-bca9-e042c8122b7e,Trial 17,pie ,17,q-numerical,95,80,15,3.918863237,,,,
842e15ce-e19e-426b-bca9-e042c8122b7e,Trial 18,bubble ,18,q-numerical,60,45,15,3.918863237,,,,
842e15ce-e19e-426b-bca9-e042c8122b7e,Trial 19,pie ,19,q-numerical,45,30,15,3.918863237,,,,
842e15ce-e19e-426b-bca9-e042c8122b7e,Trial 20,bar ,20,q-numerical,20,25,5,2.357552005,,,,
842e15ce-e19e-426b-bca9-e042c8122b7e,Trial 21,pie ,21,q-numerical,50,35,15,3.918863237,,,,
842e15ce-e19e-426b-bca9-e042c8122b7e,Trial 22,pie ,22,q-numerical,80,70,10,3.339850003,,,,
842e15ce-e19e-426b-bca9-e042c8122b7e,Trial 23,bar ,23,q-numerical,90,90,0,0,,,,
842e15ce-e19e-426b-bca9-e042c8122b7e,Trial 24,bubble ,24,q-numerical,25,25,0,0,,,,
842e15ce-e19e-426b-bca9-e042c8122b7e,Trial 25,pie ,25,q-numerical,33,25,8,3.022367813,,,,
842e15ce-e19e-426b-bca9-e042c8122b7e,Trial 26,bubble ,26,q-numerical,75,65,10,3.339850003,,,,
842e15ce-e19e-426b-bca9-e042c8122b7e,Trial 27,bar ,27,q-numerical,45,35,10,3.339850003,,,,
842e15ce-e19e-426b-bca9-e042c8122b7e,Trial 28,bubble ,28,q-numerical,50,50,0,0,,,,
842e15ce-e19e-426b-bca9-e042c8122b7e,Trial 29,bar ,29,q-numerical,55,60,5,2.357552005,,,,
842e15ce-e19e-426b-bca9-e042c8122b7e,Trial 30,bar ,30,q-numerical,15,15,0,0,,,,
842e15ce-e19e-426b-bca9-e042c8122b7e,Trial 31,bubble ,31,q-numerical,75,55,20,4.330916878,,,,
842e15ce-e19e-426b-bca9-e042c8122b7e,Trial 32,pie ,32,q-numerical,50,35,15,3.918863237,,,,
842e15ce-e19e-426b-bca9-e042c8122b7e,Trial 33,bubble ,33,q-numerical,45,30,15,3.918863237,,,,
842e15ce-e19e-426b-bca9-e042c8122b7e,Trial 34,pie ,34,q-numerical,95,75,20,4.330916878,,,,
842e15ce-e19e-426b-bca9-e042c8122b7e,Trial 35,bar ,35,q-numerical,50,55,5,2.357552005,,,,
842e15ce-e19e-426b-bca9-e042c8122b7e,Trial 36,bubble ,36,q-numerical,20,20,0,0,,,,
842e15ce-e19e-426b-bca9-e042c8122b7e,Trial 37,pie ,37,q-numerical,33,25,8,3.022367813,,,,
842e15ce-e19e-426b-bca9-e042c8122b7e,Trial 38,bar,38,q-numerical,35,40,5,2.357552005,,,,
842e15ce-e19e-426b-bca9-e042c8122b7e,Trial 39,pie ,39,q-numerical,50,50,0,0,,,,
842e15ce-e19e-426b-bca9-e042c8122b7e,Trial 40,pie ,40,q-numerical,60,55,5,2.357552005,,,,
842e15ce-e19e-426b-bca9-e042c8122b7e,Trial 41,pie ,41,q-numerical,55,40,15,3.918863237,,,,
842e15ce-e19e-426b-bca9-e042c8122b7e,Trial 42,pie ,42,q-numerical,75,65,10,3.339850003,,,,
842e15ce-e19e-426b-bca9-e042c8122b7e,Trial 43,bubble ,43,q-numerical,60,70,10,3.339850003,,,,
842e15ce-e19e-426b-bca9-e042c8122b7e,Trial 44,pie ,44,q-numerical,80,60,20,4.330916878,,,,
842e15ce-e19e-426b-bca9-e042c8122b7e,Trial 45,bar,45,q-numerical,80,85,5,2.357552005,,,,
842e15ce-e19e-426b-bca9-e042c8122b7e,Trial 46,bubble ,46,q-numerical,15,15,0,0,,,,
842e15ce-e19e-426b-bca9-e042c8122b7e,Trial 47,bubble ,47,q-numerical,80,80,0,0,,,,
842e15ce-e19e-426b-bca9-e042c8122b7e,Trial 48,bubble ,48,q-numerical,50,35,15,3.918863237,,,,
842e15ce-e19e-426b-bca9-e042c8122b7e,Trial 49,bubble ,49,q-numerical,60,50,10,3.339850003,,,,
842e15ce-e19e-426b-bca9-e042c8122b7e,Trial 50,pie ,50,q-numerical,90,85,5,2.357552005,,,,
842e15ce-e19e-426b-bca9-e042c8122b7e,Trial 51,pie ,51,q-numerical,25,20,5,2.357552005,,,,
842e15ce-e19e-426b-bca9-e042c8122b7e,Trial 52,bar ,52,q-numerical,60,65,5,2.357552005,,,,
842e15ce-e19e-426b-bca9-e042c8122b7e,Trial 53,bar ,53,q-numerical,20,20,0,0,,,,
842e15ce-e19e-426b-bca9-e042c8122b7e,Trial 54,pie ,54,q-numerical,95,90,5,2.357552005,,,,
842e15ce-e19e-426b-bca9-e042c8122b7e,Trial 55,bar,55,q-numerical,25,30,5,2.357552005,,,,
842e15ce-e19e-426b-bca9-e042c8122b7e,Trial 56,bubble ,56,q-numerical,20,15,5,2.357552005,,,,
842e15ce-e19e-426b-bca9-e042c8122b7e,Trial 57,bar ,57,q-numerical,40,45,5,2.357552005,,,,
842e15ce-e19e-426b-bca9-e042c8122b7e,Trial 58,bar ,58,q-numerical,50,55,5,2.357552005,,,,
842e15ce-e19e-426b-bca9-e042c8122b7e,Trial 59,bar ,59,q-numerical,70,75,5,2.357552005,,,,
842e15ce-e19e-426b-bca9-e042c8122b7e,Trial 60,bubble ,60,q-numerical,80,75,5,2.357552005,,,,
f8375027-78e7-49ca-9538-7c8f63943d23,Trial 1,bubble ,1,q-numerical,90,85,5,2.357552005,,,,
f8375027-78e7-49ca-9538-7c8f63943d23,Trial 2,bar ,2,q-numerical,12.5,10,2.5,1.392317423,,,,
f8375027-78e7-49ca-9538-7c8f63943d23,Trial 3,bar ,3,q-numerical,50,50,0,0,,,,
f8375027-78e7-49ca-9538-7c8f63943d23,Trial 4,bubble ,4,q-numerical,60,60,0,0,,,,
f8375027-78e7-49ca-9538-7c8f63943d23,Trial 5,pie ,5,q-numerical,10,10,0,0,,,,
f8375027-78e7-49ca-9538-7c8f63943d23,Trial 6,bubble ,6,q-numerical,90,90,0,0,,,,
f8375027-78e7-49ca-9538-7c8f63943d23,Trial 7,pie ,7,q-numerical,15,15,0,0,,,,
f8375027-78e7-49ca-9538-7c8f63943d23,Trial 8,bubble ,8,q-numerical,10,10,0,0,,,,
f8375027-78e7-49ca-9538-7c8f63943d23,Trial 9,bar ,9,q-numerical,70,70,0,0,,,,
f8375027-78e7-49ca-9538-7c8f63943d23,Trial 10,pie ,10,q-numerical,50,45,5,2.357552005,,,,
f8375027-78e7-49ca-9538-7c8f63943d23,Trial 11,bar ,11,q-numerical,40,40,0,0,,,,
f8375027-78e7-49ca-9538-7c8f63943d23,Trial 12,pie ,12,q-numerical,67,65,2,1.087462841,,,,
f8375027-78e7-49ca-9538-7c8f63943d23,Trial 13,bubble ,13,q-numerical,50,40,10,3.339850003,,,,
f8375027-78e7-49ca-9538-7c8f63943d23,Trial 14,bubble ,14,q-numerical,25,30,5,2.357552005,,,,
f8375027-78e7-49ca-9538-7c8f63943d23,Trial 15,bar ,15,q-numerical,80,80,0,0,,,,
f8375027-78e7-49ca-9538-7c8f63943d23,Trial 16,bar ,16,q-numerical,80,80,0,0,,,,
f8375027-78e7-49ca-9538-7c8f63943d23,Trial 17,pie ,17,q-numerical,75,80,5,2.357552005,,,,
f8375027-78e7-49ca-9538-7c8f63943d23,Trial 18,bubble ,18,q-numerical,60,45,15,3.918863237,,,,
f8375027-78e7-49ca-9538-7c8f63943d23,Trial 19,pie ,19,q-numerical,25,30,5,2.357552005,,,,
f8375027-78e7-49ca-9538-7c8f63943d23,Trial 20,bar ,20,q-numerical,25,25,0,0,,,,
f8375027-78e7-49ca-9538-7c8f63943d23,Trial 21,pie ,21,q-numerical,33,35,2,1.087462841,,,,
f8375027-78e7-49ca-9538-7c8f63943d23,Trial 22,pie ,22,q-numerical,67,70,3,1.64385619,,,,
f8375027-78e7-49ca-9538-7c8f63943d23,Trial 23,bar ,23,q-numerical,90,90,0,0,,,,
f8375027-78e7-49ca-9538-7c8f63943d23,Trial 24,bubble ,24,q-numerical,15,25,10,3.339850003,,,,
f8375027-78e7-49ca-9538-7c8f63943d23,Trial 25,pie ,25,q-numerical,25,25,0,0,,,,
f8375027-78e7-49ca-9538-7c8f63943d23,Trial 26,bubble ,26,q-numerical,80,65,15,3.918863237,,,,
f8375027-78e7-49ca-9538-7c8f63943d23,Trial 27,bar ,27,q-numerical,35,35,0,0,,,,
f8375027-78e7-49ca-9538-7c8f63943d23,Trial 28,bubble ,28,q-numerical,50,50,0,0,,,,
f8375027-78e7-49ca-9538-7c8f63943d23,Trial 29,bar ,29,q-numerical,60,60,0,0,,,,
f8375027-78e7-49ca-9538-7c8f63943d23,Trial 30,bar ,30,q-numerical,15,15,0,0,,,,
f8375027-78e7-49ca-9538-7c8f63943d23,Trial 31,bubble ,31,q-numerical,60,55,5,2.357552005,,,,
f8375027-78e7-49ca-9538-7c8f63943d23,Trial 32,pie ,32,q-numerical,33,35,2,1.087462841,,,,
f8375027-78e7-49ca-9538-7c8f63943d23,Trial 33,bubble ,33,q-numerical,25,30,5,2.357552005,,,,
f8375027-78e7-49ca-9538-7c8f63943d23,Trial 34,pie ,34,q-numerical,75,75,0,0,,,,
f8375027-78e7-49ca-9538-7c8f63943d23,Trial 35,bar ,35,q-numerical,55,55,0,0,,,,
f8375027-78e7-49ca-9538-7c8f63943d23,Trial 36,bubble ,36,q-numerical,30,20,10,3.339850003,,,,
f8375027-78e7-49ca-9538-7c8f63943d23,Trial 37,pie ,37,q-numerical,20,25,5,2.357552005,,,,
f8375027-78e7-49ca-9538-7c8f63943d23,Trial 38,bar,38,q-numerical,40,40,0,0,,,,
f8375027-78e7-49ca-9538-7c8f63943d23,Trial 39,pie ,39,q-numerical,45,50,5,2.357552005,,,,
f8375027-78e7-49ca-9538-7c8f63943d23,Trial 40,pie ,40,q-numerical,50,55,5,2.357552005,,,,
f8375027-78e7-49ca-9538-7c8f63943d23,Trial 41,pie ,41,q-numerical,40,40,0,0,,,,
f8375027-78e7-49ca-9538-7c8f63943d23,Trial 42,pie ,42,q-numerical,67,65,2,1.087462841,,,,
f8375027-78e7-49ca-9538-7c8f63943d23,Trial 43,bubble ,43,q-numerical,70,70,0,0,,,,
f8375027-78e7-49ca-9538-7c8f63943d23,Trial 44,pie ,44,q-numerical,60,60,0,0,,,,
f8375027-78e7-49ca-9538-7c8f63943d23,Trial 45,bar,45,q-numerical,85,85,0,0,,,,
f8375027-78e7-49ca-9538-7c8f63943d23,Trial 46,bubble ,46,q-numerical,20,15,5,2.357552005,,,,
f8375027-78e7-49ca-9538-7c8f63943d23,Trial 47,bubble ,47,q-numerical,70,80,10,3.339850003,,,,
f8375027-78e7-49ca-9538-7c8f63943d23,Trial 48,bubble ,48,q-numerical,60,35,25,4.651051691,,,,
f8375027-78e7-49ca-9538-7c8f63943d23,Trial 49,bubble ,49,q-numerical,65,50,15,3.918863237,,,,
f8375027-78e7-49ca-9538-7c8f63943d23,Trial 50,pie ,50,q-numerical,85,85,0,0,,,,
f8375027-78e7-49ca-9538-7c8f63943d23,Trial 51,pie ,51,q-numerical,15,20,5,2.357552005,,,,
f8375027-78e7-49ca-9538-7c8f63943d23,Trial 52,bar ,52,q-numerical,65,65,0,0,,,,
f8375027-78e7-49ca-9538-7c8f63943d23,Trial 53,bar ,53,q-numerical,20,20,0,0,,,,
f8375027-78e7-49ca-9538-7c8f63943d23,Trial 54,pie ,54,q-numerical,85,90,5,2.357552005,,,,
f8375027-78e7-49ca-9538-7c8f63943d23,Trial 55,bar,55,q-numerical,30,30,0,0,,,,
f8375027-78e7-49ca-9538-7c8f63943d23,Trial 56,bubble ,56,q-numerical,20,15,5,2.357552005,,,,
f8375027-78e7-49ca-9538-7c8f63943d23,Trial 57,bar ,57,q-numerical,50,45,5,2.357552005,,,,
f8375027-78e7-49ca-9538-7c8f63943d23,Trial 58,bar ,58,q-numerical,60,55,5,2.357552005,,,,
f8375027-78e7-49ca-9538-7c8f63943d23,Trial 59,bar ,59,q-numerical,70,75,5,2.357552005,,,,
f8375027-78e7-49ca-9538-7c8f63943d23,Trial 60,bubble ,60,q-numerical,80,75,5,2.357552005,,,,
65d406f5-1eb7-4390-b4cf-b5134aef92e1,Trial 1,bubble ,1,q-numerical,90,85,5,2.357552005,,,,
65d406f5-1eb7-4390-b4cf-b5134aef92e1,Trial 2,bar ,2,q-numerical,10,10,0,0,,,,
65d406f5-1eb7-4390-b4cf-b5134aef92e1,Trial 3,bar ,3,q-numerical,50,50,0,0,,,,
65d406f5-1eb7-4390-b4cf-b5134aef92e1,Trial 4,bubble ,4,q-numerical,75,60,15,3.918863237,,,,
65d406f5-1eb7-4390-b4cf-b5134aef92e1,Trial 5,pie ,5,q-numerical,5,10,5,2.357552005,,,,
65d406f5-1eb7-4390-b4cf-b5134aef92e1,Trial 6,bubble ,6,q-numerical,95,90,5,2.357552005,,,,
65d406f5-1eb7-4390-b4cf-b5134aef92e1,Trial 7,pie ,7,q-numerical,10,15,5,2.357552005,,,,
65d406f5-1eb7-4390-b4cf-b5134aef92e1,Trial 8,bubble ,8,q-numerical,10,10,0,0,,,,
65d406f5-1eb7-4390-b4cf-b5134aef92e1,Trial 9,bar ,9,q-numerical,75,70,5,2.357552005,,,,
65d406f5-1eb7-4390-b4cf-b5134aef92e1,Trial 10,pie ,10,q-numerical,70,45,25,4.651051691,,,,
65d406f5-1eb7-4390-b4cf-b5134aef92e1,Trial 11,bar ,11,q-numerical,45,40,5,2.357552005,,,,
65d406f5-1eb7-4390-b4cf-b5134aef92e1,Trial 12,pie ,12,q-numerical,80,65,15,3.918863237,,,,
65d406f5-1eb7-4390-b4cf-b5134aef92e1,Trial 13,bubble ,13,q-numerical,50,40,10,3.339850003,,,,
65d406f5-1eb7-4390-b4cf-b5134aef92e1,Trial 14,bubble ,14,q-numerical,40,30,10,3.339850003,,,,
65d406f5-1eb7-4390-b4cf-b5134aef92e1,Trial 15,bar ,15,q-numerical,85,80,5,2.357552005,,,,
65d406f5-1eb7-4390-b4cf-b5134aef92e1,Trial 16,bar ,16,q-numerical,80,80,0,0,,,,
65d406f5-1eb7-4390-b4cf-b5134aef92e1,Trial 17,pie ,17,q-numerical,95,80,15,3.918863237,,,,
65d406f5-1eb7-4390-b4cf-b5134aef92e1,Trial 18,bubble ,18,q-numerical,50,45,5,2.357552005,,,,
65d406f5-1eb7-4390-b4cf-b5134aef92e1,Trial 19,pie ,19,q-numerical,30,30,0,0,,,,
65d406f5-1eb7-4390-b4cf-b5134aef92e1,Trial 20,bar ,20,q-numerical,25,25,0,0,,,,
65d406f5-1eb7-4390-b4cf-b5134aef92e1,Trial 21,pie ,21,q-numerical,35,35,0,0,,,,
65d406f5-1eb7-4390-b4cf-b5134aef92e1,Trial 22,pie ,22,q-numerical,80,70,10,3.339850003,,,,
65d406f5-1eb7-4390-b4cf-b5134aef92e1,Trial 23,bar ,23,q-numerical,90,90,0,0,,,,
65d406f5-1eb7-4390-b4cf-b5134aef92e1,Trial 24,bubble ,24,q-numerical,30,25,5,2.357552005,,,,
65d406f5-1eb7-4390-b4cf-b5134aef92e1,Trial 25,pie ,25,q-numerical,10,25,15,3.918863237,,,,
65d406f5-1eb7-4390-b4cf-b5134aef92e1,Trial 26,bubble ,26,q-numerical,65,65,0,0,,,,
65d406f5-1eb7-4390-b4cf-b5134aef92e1,Trial 27,bar ,27,q-numerical,30,35,5,2.357552005,,,,
65d406f5-1eb7-4390-b4cf-b5134aef92e1,Trial 28,bubble ,28,q-numerical,65,50,15,3.918863237,,,,
65d406f5-1eb7-4390-b4cf-b5134aef92e1,Trial 29,bar ,29,q-numerical,60,60,0,0,,,,
65d406f5-1eb7-4390-b4cf-b5134aef92e1,Trial 30,bar ,30,q-numerical,10,15,5,2.357552005,,,,
65d406f5-1eb7-4390-b4cf-b5134aef92e1,Trial 31,bubble ,31,q-numerical,80,55,25,4.651051691,,,,
65d406f5-1eb7-4390-b4cf-b5134aef92e1,Trial 32,pie ,32,q-numerical,15,35,20,4.330916878,,,,
65d406f5-1eb7-4390-b4cf-b5134aef92e1,Trial 33,bubble ,33,q-numerical,10,30,20,4.330916878,,,,
65d406f5-1eb7-4390-b4cf-b5134aef92e1,Trial 34,pie ,34,q-numerical,90,75,15,3.918863237,,,,
65d406f5-1eb7-4390-b4cf-b5134aef92e1,Trial 35,bar ,35,q-numerical,55,55,0,0,,,,
65d406f5-1eb7-4390-b4cf-b5134aef92e1,Trial 36,bubble ,36,q-numerical,15,20,5,2.357552005,,,,
65d406f5-1eb7-4390-b4cf-b5134aef92e1,Trial 37,pie ,37,q-numerical,30,25,5,2.357552005,,,,
65d406f5-1eb7-4390-b4cf-b5134aef92e1,Trial 38,bar,38,q-numerical,35,40,5,2.357552005,,,,
65d406f5-1eb7-4390-b4cf-b5134aef92e1,Trial 39,pie ,39,q-numerical,60,50,10,3.339850003,,,,
65d406f5-1eb7-4390-b4cf-b5134aef92e1,Trial 40,pie ,40,q-numerical,55,55,0,0,,,,
65d406f5-1eb7-4390-b4cf-b5134aef92e1,Trial 41,pie ,41,q-numerical,40,40,0,0,,,,
65d406f5-1eb7-4390-b4cf-b5134aef92e1,Trial 42,pie ,42,q-numerical,75,65,10,3.339850003,,,,
65d406f5-1eb7-4390-b4cf-b5134aef92e1,Trial 43,bubble ,43,q-numerical,90,70,20,4.330916878,,,,
65d406f5-1eb7-4390-b4cf-b5134aef92e1,Trial 44,pie ,44,q-numerical,65,60,5,2.357552005,,,,
65d406f5-1eb7-4390-b4cf-b5134aef92e1,Trial 45,bar,45,q-numerical,90,85,5,2.357552005,,,,
65d406f5-1eb7-4390-b4cf-b5134aef92e1,Trial 46,bubble ,46,q-numerical,15,15,0,0,,,,
65d406f5-1eb7-4390-b4cf-b5134aef92e1,Trial 47,bubble ,47,q-numerical,95,80,15,3.918863237,,,,
65d406f5-1eb7-4390-b4cf-b5134aef92e1,Trial 48,bubble ,48,q-numerical,55,35,20,4.330916878,,,,
65d406f5-1eb7-4390-b4cf-b5134aef92e1,Trial 49,bubble ,49,q-numerical,20,50,30,4.912889336,,,,
65d406f5-1eb7-4390-b4cf-b5134aef92e1,Trial 50,pie ,50,q-numerical,95,85,10,3.339850003,,,,
65d406f5-1eb7-4390-b4cf-b5134aef92e1,Trial 51,pie ,51,q-numerical,5,20,15,3.918863237,,,,
65d406f5-1eb7-4390-b4cf-b5134aef92e1,Trial 52,bar ,52,q-numerical,65,65,0,0,,,,
65d406f5-1eb7-4390-b4cf-b5134aef92e1,Trial 53,bar ,53,q-numerical,10,20,10,3.339850003,,,,
65d406f5-1eb7-4390-b4cf-b5134aef92e1,Trial 54,pie ,54,q-numerical,100,90,10,3.339850003,,,,
65d406f5-1eb7-4390-b4cf-b5134aef92e1,Trial 55,bar,55,q-numerical,25,30,5,2.357552005,,,,
65d406f5-1eb7-4390-b4cf-b5134aef92e1,Trial 56,bubble ,56,q-numerical,11,15,4,2.044394119,,,,
65d406f5-1eb7-4390-b4cf-b5134aef92e1,Trial 57,bar ,57,q-numerical,48,45,3,1.64385619,,,,
65d406f5-1eb7-4390-b4cf-b5134aef92e1,Trial 58,bar ,58,q-numerical,72,55,17,4.098032083,,,,
65d406f5-1eb7-4390-b4cf-b5134aef92e1,Trial 59,bar ,59,q-numerical,88,75,13,3.714245518,,,,
65d406f5-1eb7-4390-b4cf-b5134aef92e1,Trial 60,bubble ,60,q-numerical,67,75,8,3.022367813,,,,
2f309c33-5137-48b3-b82e-d13d1223acaf,Trial 1,bubble ,1,q-numerical,80,85,5,2.357552005,,,,
2f309c33-5137-48b3-b82e-d13d1223acaf,Trial 2,bar ,2,q-numerical,9,10,1,0.169925001,,,,
2f309c33-5137-48b3-b82e-d13d1223acaf,Trial 3,bar ,3,q-numerical,33.33,50,16.67,4.06995989,,,,
2f309c33-5137-48b3-b82e-d13d1223acaf,Trial 4,bubble ,4,q-numerical,60,60,0,0,,,,
2f309c33-5137-48b3-b82e-d13d1223acaf,Trial 5,pie ,5,q-numerical,5,10,5,2.357552005,,,,
2f309c33-5137-48b3-b82e-d13d1223acaf,Trial 6,bubble ,6,q-numerical,85.1,90,4.9,2.329123596,,,,
2f309c33-5137-48b3-b82e-d13d1223acaf,Trial 7,pie ,7,q-numerical,12.5,15,2.5,1.392317423,,,,
2f309c33-5137-48b3-b82e-d13d1223acaf,Trial 8,bubble ,8,q-numerical,10,10,0,0,,,,
2f309c33-5137-48b3-b82e-d13d1223acaf,Trial 9,bar ,9,q-numerical,67.5,70,2.5,1.392317423,,,,
2f309c33-5137-48b3-b82e-d13d1223acaf,Trial 10,pie ,10,q-numerical,45,45,0,0,,,,
2f309c33-5137-48b3-b82e-d13d1223acaf,Trial 11,bar ,11,q-numerical,38.5,40,1.5,0.700439718,,,,
2f309c33-5137-48b3-b82e-d13d1223acaf,Trial 12,pie ,12,q-numerical,50,65,15,3.918863237,,,,
2f309c33-5137-48b3-b82e-d13d1223acaf,Trial 13,bubble ,13,q-numerical,40,40,0,0,,,,
2f309c33-5137-48b3-b82e-d13d1223acaf,Trial 14,bubble ,14,q-numerical,27.275,30,2.725,1.510961919,,,,
2f309c33-5137-48b3-b82e-d13d1223acaf,Trial 15,bar ,15,q-numerical,85,80,5,2.357552005,,,,
2f309c33-5137-48b3-b82e-d13d1223acaf,Trial 16,bar ,16,q-numerical,92.25,80,12.25,3.62935662,,,,
2f309c33-5137-48b3-b82e-d13d1223acaf,Trial 17,pie ,17,q-numerical,75,80,5,2.357552005,,,,
2f309c33-5137-48b3-b82e-d13d1223acaf,Trial 18,bubble ,18,q-numerical,33.33333333,45,11.66666667,3.559695743,,,,
2f309c33-5137-48b3-b82e-d13d1223acaf,Trial 19,pie ,19,q-numerical,12.5,30,17.5,4.139551352,,,,
2f309c33-5137-48b3-b82e-d13d1223acaf,Trial 20,bar ,20,q-numerical,28,25,3,1.64385619,,,,
2f309c33-5137-48b3-b82e-d13d1223acaf,Trial 21,pie ,21,q-numerical,30,35,5,2.357552005,,,,
2f309c33-5137-48b3-b82e-d13d1223acaf,Trial 22,pie ,22,q-numerical,72.125,70,2.125,1.169925001,,,,
2f309c33-5137-48b3-b82e-d13d1223acaf,Trial 23,bar ,23,q-numerical,90,90,0,0,,,,
2f309c33-5137-48b3-b82e-d13d1223acaf,Trial 24,bubble ,24,q-numerical,17.5,25,7.5,2.930737338,,,,
2f309c33-5137-48b3-b82e-d13d1223acaf,Trial 25,pie ,25,q-numerical,15,25,10,3.339850003,,,,
2f309c33-5137-48b3-b82e-d13d1223acaf,Trial 26,bubble ,26,q-numerical,0,65,65,6.025139562,,,,
2f309c33-5137-48b3-b82e-d13d1223acaf,Trial 27,bar ,27,q-numerical,22.5,35,12.5,3.658211483,,,,
2f309c33-5137-48b3-b82e-d13d1223acaf,Trial 28,bubble ,28,q-numerical,45,50,5,2.357552005,,,,
2f309c33-5137-48b3-b82e-d13d1223acaf,Trial 29,bar ,29,q-numerical,57.25,60,2.75,1.523561956,,,,
2f309c33-5137-48b3-b82e-d13d1223acaf,Trial 30,bar ,30,q-numerical,12.5,15,2.5,1.392317423,,,,
2f309c33-5137-48b3-b82e-d13d1223acaf,Trial 31,bubble ,31,q-numerical,60,55,5,2.357552005,,,,
2f309c33-5137-48b3-b82e-d13d1223acaf,Trial 32,pie ,32,q-numerical,25,35,10,3.339850003,,,,
2f309c33-5137-48b3-b82e-d13d1223acaf,Trial 33,bubble ,33,q-numerical,18,30,12,3.599912842,,,,
2f309c33-5137-48b3-b82e-d13d1223acaf,Trial 34,pie ,34,q-numerical,62.5,75,12.5,3.658211483,,,,
2f309c33-5137-48b3-b82e-d13d1223acaf,Trial 35,bar ,35,q-numerical,55,55,0,0,,,,
2f309c33-5137-48b3-b82e-d13d1223acaf,Trial 36,bubble ,36,q-numerical,20,20,0,0,,,,
2f309c33-5137-48b3-b82e-d13d1223acaf,Trial 37,pie ,37,q-numerical,15,25,10,3.339850003,,,,
2f309c33-5137-48b3-b82e-d13d1223acaf,Trial 38,bar,38,q-numerical,37,40,3,1.64385619,,,,
2f309c33-5137-48b3-b82e-d13d1223acaf,Trial 39,pie ,39,q-numerical,45,50,5,2.357552005,,,,
2f309c33-5137-48b3-b82e-d13d1223acaf,Trial 40,pie ,40,q-numerical,45,55,10,3.339850003,,,,
2f309c33-5137-48b3-b82e-d13d1223acaf,Trial 41,pie ,41,q-numerical,27.5,40,12.5,3.658211483,,,,
2f309c33-5137-48b3-b82e-d13d1223acaf,Trial 42,pie ,42,q-numerical,50,65,15,3.918863237,,,,
2f309c33-5137-48b3-b82e-d13d1223acaf,Trial 43,bubble ,43,q-numerical,60,70,10,3.339850003,,,,
2f309c33-5137-48b3-b82e-d13d1223acaf,Trial 44,pie ,44,q-numerical,33.33,60,26.67,4.743891911,,,,
2f309c33-5137-48b3-b82e-d13d1223acaf,Trial 45,bar,45,q-numerical,85,85,0,0,,,,
2f309c33-5137-48b3-b82e-d13d1223acaf,Trial 46,bubble ,46,q-numerical,12,15,3,1.64385619,,,,
2f309c33-5137-48b3-b82e-d13d1223acaf,Trial 47,bubble ,47,q-numerical,85,80,5,2.357552005,,,,
2f309c33-5137-48b3-b82e-d13d1223acaf,Trial 48,bubble ,48,q-numerical,45,35,10,3.339850003,,,,
2f309c33-5137-48b3-b82e-d13d1223acaf,Trial 49,bubble ,49,q-numerical,55,50,5,2.357552005,,,,
2f309c33-5137-48b3-b82e-d13d1223acaf,Trial 50,pie ,50,q-numerical,87.25,85,2.25,1.247927513,,,,
2f309c33-5137-48b3-b82e-d13d1223acaf,Trial 51,pie ,51,q-numerical,12.5,20,7.5,2.930737338,,,,
2f309c33-5137-48b3-b82e-d13d1223acaf,Trial 52,bar ,52,q-numerical,60,65,5,2.357552005,,,,
2f309c33-5137-48b3-b82e-d13d1223acaf,Trial 53,bar ,53,q-numerical,12.5,20,7.5,2.930737338,,,,
2f309c33-5137-48b3-b82e-d13d1223acaf,Trial 54,pie ,54,q-numerical,100,90,10,3.339850003,,,,
2f309c33-5137-48b3-b82e-d13d1223acaf,Trial 55,bar,55,q-numerical,22.5,30,7.5,2.930737338,,,,
2f309c33-5137-48b3-b82e-d13d1223acaf,Trial 56,bubble ,56,q-numerical,18,15,3,1.64385619,,,,
2f309c33-5137-48b3-b82e-d13d1223acaf,Trial 57,bar ,57,q-numerical,33.33,45,11.67,3.560103513,,,,
2f309c33-5137-48b3-b82e-d13d1223acaf,Trial 58,bar ,58,q-numerical,47.5,55,7.5,2.930737338,,,,
2f309c33-5137-48b3-b82e-d13d1223acaf,Trial 59,bar ,59,q-numerical,80,75,5,2.357552005,,,,
2f309c33-5137-48b3-b82e-d13d1223acaf,Trial 60,bubble ,60,q-numerical,45,75,30,4.912889336,,,,
924ee93f-7810-4680-a1a7-88d069dcea52,Trial 1,bubble ,1,q-numerical,99.9999999999999999999999999999999999999999999999999999999999999999999999999999999999999999,85,15,3.918863237,,,,
924ee93f-7810-4680-a1a7-88d069dcea52,Trial 2,bar ,2,q-numerical,5.555555556,10,4.444444444,2.192018772,,,,
924ee93f-7810-4680-a1a7-88d069dcea52,Trial 3,bar ,3,q-numerical,50.000000000000000,50,0,0,,,,
924ee93f-7810-4680-a1a7-88d069dcea52,Trial 4,bubble ,4,q-numerical,33.09775675765764653655342,60,26.90224324,4.75634246,,,,
924ee93f-7810-4680-a1a7-88d069dcea52,Trial 5,pie ,5,q-numerical,3,10,7,2.832890014,,,,
924ee93f-7810-4680-a1a7-88d069dcea52,Trial 6,bubble ,6,q-numerical,88.967,90,1.033,0.211635253,,,,
924ee93f-7810-4680-a1a7-88d069dcea52,Trial 7,pie ,7,q-numerical,5,15,10,3.339850003,,,,
924ee93f-7810-4680-a1a7-88d069dcea52,Trial 8,bubble ,8,q-numerical,17,10,7,2.832890014,,,,
924ee93f-7810-4680-a1a7-88d069dcea52,Trial 9,bar ,9,q-numerical,80,70,10,3.339850003,,,,
924ee93f-7810-4680-a1a7-88d069dcea52,Trial 10,pie ,10,q-numerical,32.9,45,12.1,3.61176256,,,,
924ee93f-7810-4680-a1a7-88d069dcea52,Trial 11,bar ,11,q-numerical,43,40,3,1.64385619,,,,
924ee93f-7810-4680-a1a7-88d069dcea52,Trial 12,pie ,12,q-numerical,38,65,27,4.761551232,,,,
924ee93f-7810-4680-a1a7-88d069dcea52,Trial 13,bubble ,13,q-numerical,43,40,3,1.64385619,,,,
924ee93f-7810-4680-a1a7-88d069dcea52,Trial 14,bubble ,14,q-numerical,24,30,6,2.614709844,,,,
924ee93f-7810-4680-a1a7-88d069dcea52,Trial 15,bar ,15,q-numerical,87,80,7,2.832890014,,,,
924ee93f-7810-4680-a1a7-88d069dcea52,Trial 16,bar ,16,q-numerical,78,80,2,1.087462841,,,,
924ee93f-7810-4680-a1a7-88d069dcea52,Trial 17,pie ,17,q-numerical,87,80,7,2.832890014,,,,
924ee93f-7810-4680-a1a7-88d069dcea52,Trial 18,bubble ,18,q-numerical,68,45,23,4.531381461,,,,
924ee93f-7810-4680-a1a7-88d069dcea52,Trial 19,pie ,19,q-numerical,35,30,5,2.357552005,,,,
924ee93f-7810-4680-a1a7-88d069dcea52,Trial 20,bar ,20,q-numerical,20,25,5,2.357552005,,,,
924ee93f-7810-4680-a1a7-88d069dcea52,Trial 21,pie ,21,q-numerical,20,35,15,3.918863237,,,,
924ee93f-7810-4680-a1a7-88d069dcea52,Trial 22,pie ,22,q-numerical,95,70,25,4.651051691,,,,
924ee93f-7810-4680-a1a7-88d069dcea52,Trial 23,bar ,23,q-numerical,95,90,5,2.357552005,,,,
924ee93f-7810-4680-a1a7-88d069dcea52,Trial 24,bubble ,24,q-numerical,30,25,5,2.357552005,,,,
924ee93f-7810-4680-a1a7-88d069dcea52,Trial 25,pie ,25,q-numerical,23,25,2,1.087462841,,,,
924ee93f-7810-4680-a1a7-88d069dcea52,Trial 26,bubble ,26,q-numerical,69,65,4,2.044394119,,,,
924ee93f-7810-4680-a1a7-88d069dcea52,Trial 27,bar ,27,q-numerical,30,35,5,2.357552005,,,,
924ee93f-7810-4680-a1a7-88d069dcea52,Trial 28,bubble ,28,q-numerical,80,50,30,4.912889336,,,,
924ee93f-7810-4680-a1a7-88d069dcea52,Trial 29,bar ,29,q-numerical,47,60,13,3.714245518,,,,
924ee93f-7810-4680-a1a7-88d069dcea52,Trial 30,bar ,30,q-numerical,20,15,5,2.357552005,,,,
924ee93f-7810-4680-a1a7-88d069dcea52,Trial 31,bubble ,31,q-numerical,28,55,27,4.761551232,,,,
924ee93f-7810-4680-a1a7-88d069dcea52,Trial 32,pie ,32,q-numerical,21,35,14,3.820178962,,,,
924ee93f-7810-4680-a1a7-88d069dcea52,Trial 33,bubble ,33,q-numerical,21,30,9,3.189824559,,,,
924ee93f-7810-4680-a1a7-88d069dcea52,Trial 34,pie ,34,q-numerical,45,75,30,4.912889336,,,,
924ee93f-7810-4680-a1a7-88d069dcea52,Trial 35,bar ,35,q-numerical,65,55,10,3.339850003,,,,
924ee93f-7810-4680-a1a7-88d069dcea52,Trial 36,bubble ,36,q-numerical,12,20,8,3.022367813,,,,
924ee93f-7810-4680-a1a7-88d069dcea52,Trial 37,pie ,37,q-numerical,11,25,14,3.820178962,,,,
924ee93f-7810-4680-a1a7-88d069dcea52,Trial 38,bar,38,q-numerical,42,40,2,1.087462841,,,,
924ee93f-7810-4680-a1a7-88d069dcea52,Trial 39,pie ,39,q-numerical,42,50,8,3.022367813,,,,
924ee93f-7810-4680-a1a7-88d069dcea52,Trial 40,pie ,40,q-numerical,42,55,13,3.714245518,,,,
924ee93f-7810-4680-a1a7-88d069dcea52,Trial 41,pie ,41,q-numerical,32,40,8,3.022367813,,,,
924ee93f-7810-4680-a1a7-88d069dcea52,Trial 42,pie ,42,q-numerical,42,65,23,4.531381461,,,,
924ee93f-7810-4680-a1a7-88d069dcea52,Trial 43,bubble ,43,q-numerical,80,70,10,3.339850003,,,,
924ee93f-7810-4680-a1a7-88d069dcea52,Trial 44,pie ,44,q-numerical,46,60,14,3.820178962,,,,
924ee93f-7810-4680-a1a7-88d069dcea52,Trial 45,bar,45,q-numerical,90,85,5,2.357552005,,,,
924ee93f-7810-4680-a1a7-88d069dcea52,Trial 46,bubble ,46,q-numerical,21,15,6,2.614709844,,,,
924ee93f-7810-4680-a1a7-88d069dcea52,Trial 47,bubble ,47,q-numerical,90,80,10,3.339850003,,,,
924ee93f-7810-4680-a1a7-88d069dcea52,Trial 48,bubble ,48,q-numerical,45,35,10,3.339850003,,,,
924ee93f-7810-4680-a1a7-88d069dcea52,Trial 49,bubble ,49,q-numerical,50,50,0,0,,,,
924ee93f-7810-4680-a1a7-88d069dcea52,Trial 50,pie ,50,q-numerical,80,85,5,2.357552005,,,,
924ee93f-7810-4680-a1a7-88d069dcea52,Trial 51,pie ,51,q-numerical,10,20,10,3.339850003,,,,
924ee93f-7810-4680-a1a7-88d069dcea52,Trial 52,bar ,52,q-numerical,70,65,5,2.357552005,,,,
924ee93f-7810-4680-a1a7-88d069dcea52,Trial 53,bar ,53,q-numerical,20,20,0,0,,,,
924ee93f-7810-4680-a1a7-88d069dcea52,Trial 54,pie ,54,q-numerical,99,90,9,3.189824559,,,,
924ee93f-7810-4680-a1a7-88d069dcea52,Trial 55,bar,55,q-numerical,42,30,12,3.599912842,,,,
924ee93f-7810-4680-a1a7-88d069dcea52,Trial 56,bubble ,56,q-numerical,11,15,4,2.044394119,,,,
924ee93f-7810-4680-a1a7-88d069dcea52,Trial 57,bar ,57,q-numerical,51,45,6,2.614709844,,,,
924ee93f-7810-4680-a1a7-88d069dcea52,Trial 58,bar ,58,q-numerical,79,55,24,4.592457037,,,,
924ee93f-7810-4680-a1a7-88d069dcea52,Trial 59,bar ,59,q-numerical,80,75,5,2.357552005,,,,
924ee93f-7810-4680-a1a7-88d069dcea52,Trial 60,bubble ,60,q-numerical,80,75,5,2.357552005,,,,
943644c7-3a8a-48e8-8b98-97b3595f71b1,Trial 1,bubble ,1,q-numerical,5,85,80,6.324180547,,,,
943644c7-3a8a-48e8-8b98-97b3595f71b1,Trial 2,bar ,2,q-numerical,8,10,2,1.087462841,,,,
943644c7-3a8a-48e8-8b98-97b3595f71b1,Trial 3,bar ,3,q-numerical,43,50,7,2.832890014,,,,
943644c7-3a8a-48e8-8b98-97b3595f71b1,Trial 4,bubble ,4,q-numerical,37,60,23,4.531381461,,,,
943644c7-3a8a-48e8-8b98-97b3595f71b1,Trial 5,pie ,5,q-numerical,12,10,2,1.087462841,,,,
943644c7-3a8a-48e8-8b98-97b3595f71b1,Trial 6,bubble ,6,q-numerical,89,90,1,0.169925001,,,,
943644c7-3a8a-48e8-8b98-97b3595f71b1,Trial 7,pie ,7,q-numerical,12,15,3,1.64385619,,,,
943644c7-3a8a-48e8-8b98-97b3595f71b1,Trial 8,bubble ,8,q-numerical,5,10,5,2.357552005,,,,
943644c7-3a8a-48e8-8b98-97b3595f71b1,Trial 9,bar ,9,q-numerical,67,70,3,1.64385619,,,,
943644c7-3a8a-48e8-8b98-97b3595f71b1,Trial 10,pie ,10,q-numerical,43,45,2,1.087462841,,,,
943644c7-3a8a-48e8-8b98-97b3595f71b1,Trial 11,bar ,11,q-numerical,43,40,3,1.64385619,,,,
943644c7-3a8a-48e8-8b98-97b3595f71b1,Trial 12,pie ,12,q-numerical,86,65,21,4.400879436,,,,
943644c7-3a8a-48e8-8b98-97b3595f71b1,Trial 13,bubble ,13,q-numerical,43,40,3,1.64385619,,,,
943644c7-3a8a-48e8-8b98-97b3595f71b1,Trial 14,bubble ,14,q-numerical,23,30,7,2.832890014,,,,
943644c7-3a8a-48e8-8b98-97b3595f71b1,Trial 15,bar ,15,q-numerical,87,80,7,2.832890014,,,,
943644c7-3a8a-48e8-8b98-97b3595f71b1,Trial 16,bar ,16,q-numerical,92,80,12,3.599912842,,,,
943644c7-3a8a-48e8-8b98-97b3595f71b1,Trial 17,pie ,17,q-numerical,96,80,16,4.011227255,,,,
943644c7-3a8a-48e8-8b98-97b3595f71b1,Trial 18,bubble ,18,q-numerical,76,45,31,4.960001932,,,,
943644c7-3a8a-48e8-8b98-97b3595f71b1,Trial 19,pie ,19,q-numerical,16.66666666666666666666666666666666666666666666666666666666666666666666666666666666666666666666666666666666666666666666666666666666666666666667,30,13.33333333,3.750427854,,,,
943644c7-3a8a-48e8-8b98-97b3595f71b1,Trial 20,bar ,20,q-numerical,25,25,0,0,,,,
943644c7-3a8a-48e8-8b98-97b3595f71b1,Trial 21,pie ,21,q-numerical,33.333333333333333333333333333339,35,1.666666667,0.841302254,,,,
943644c7-3a8a-48e8-8b98-97b3595f71b1,Trial 22,pie ,22,q-numerical,75,70,5,2.357552005,,,,
943644c7-3a8a-48e8-8b98-97b3595f71b1,Trial 23,bar ,23,q-numerical,90,90,0,0,,,,
943644c7-3a8a-48e8-8b98-97b3595f71b1,Trial 24,bubble ,24,q-numerical,32,25,7,2.832890014,,,,
943644c7-3a8a-48e8-8b98-97b3595f71b1,Trial 25,pie ,25,q-numerical,25,25,0,0,,,,
943644c7-3a8a-48e8-8b98-97b3595f71b1,Trial 26,bubble ,26,q-numerical,89,65,24,4.592457037,,,,
943644c7-3a8a-48e8-8b98-97b3595f71b1,Trial 27,bar ,27,q-numerical,43,35,8,3.022367813,,,,
943644c7-3a8a-48e8-8b98-97b3595f71b1,Trial 28,bubble ,28,q-numerical,50,50,0,0,,,,
943644c7-3a8a-48e8-8b98-97b3595f71b1,Trial 29,bar ,29,q-numerical,60,60,0,0,,,,
943644c7-3a8a-48e8-8b98-97b3595f71b1,Trial 30,bar ,30,q-numerical,12.22227,15,2.77773,1.537410385,,,,
943644c7-3a8a-48e8-8b98-97b3595f71b1,Trial 31,bubble ,31,q-numerical,62,55,7,2.832890014,,,,
943644c7-3a8a-48e8-8b98-97b3595f71b1,Trial 32,pie ,32,q-numerical,33.33333,35,1.66667,0.841304938,,,,
943644c7-3a8a-48e8-8b98-97b3595f71b1,Trial 33,bubble ,33,q-numerical,23,30,7,2.832890014,,,,
943644c7-3a8a-48e8-8b98-97b3595f71b1,Trial 34,pie ,34,q-numerical,89,75,14,3.820178962,,,,
943644c7-3a8a-48e8-8b98-97b3595f71b1,Trial 35,bar ,35,q-numerical,60,55,5,2.357552005,,,,
943644c7-3a8a-48e8-8b98-97b3595f71b1,Trial 36,bubble ,36,q-numerical,20,20,0,0,,,,
943644c7-3a8a-48e8-8b98-97b3595f71b1,Trial 37,pie ,37,q-numerical,20,25,5,2.357552005,,,,
943644c7-3a8a-48e8-8b98-97b3595f71b1,Trial 38,bar,38,q-numerical,40,40,0,0,,,,
943644c7-3a8a-48e8-8b98-97b3595f71b1,Trial 39,pie ,39,q-numerical,40,50,10,3.339850003,,,,
943644c7-3a8a-48e8-8b98-97b3595f71b1,Trial 40,pie ,40,q-numerical,60,55,5,2.357552005,,,,
943644c7-3a8a-48e8-8b98-97b3595f71b1,Trial 41,pie ,41,q-numerical,43,40,3,1.64385619,,,,
943644c7-3a8a-48e8-8b98-97b3595f71b1,Trial 42,pie ,42,q-numerical,83,65,18,4.17990909,,,,
943644c7-3a8a-48e8-8b98-97b3595f71b1,Trial 43,bubble ,43,q-numerical,93,70,23,4.531381461,,,,
943644c7-3a8a-48e8-8b98-97b3595f71b1,Trial 44,pie ,44,q-numerical,75.575757575757575757575757575757575757575757575757,60,15.57575758,3.972762267,,,,
943644c7-3a8a-48e8-8b98-97b3595f71b1,Trial 45,bar,45,q-numerical,93,85,8,3.022367813,,,,
943644c7-3a8a-48e8-8b98-97b3595f71b1,Trial 46,bubble ,46,q-numerical,15,15,0,0,,,,
943644c7-3a8a-48e8-8b98-97b3595f71b1,Trial 47,bubble ,47,q-numerical,98,80,18,4.17990909,,,,
943644c7-3a8a-48e8-8b98-97b3595f71b1,Trial 48,bubble ,48,q-numerical,43,35,8,3.022367813,,,,
943644c7-3a8a-48e8-8b98-97b3595f71b1,Trial 49,bubble ,49,q-numerical,37,50,13,3.714245518,,,,
943644c7-3a8a-48e8-8b98-97b3595f71b1,Trial 50,pie ,50,q-numerical,87,85,2,1.087462841,,,,
943644c7-3a8a-48e8-8b98-97b3595f71b1,Trial 51,pie ,51,q-numerical,14,20,6,2.614709844,,,,
943644c7-3a8a-48e8-8b98-97b3595f71b1,Trial 52,bar ,52,q-numerical,70,65,5,2.357552005,,,,
943644c7-3a8a-48e8-8b98-97b3595f71b1,Trial 53,bar ,53,q-numerical,20,20,0,0,,,,
943644c7-3a8a-48e8-8b98-97b3595f71b1,Trial 54,pie ,54,q-numerical,90,90,0,0,,,,
943644c7-3a8a-48e8-8b98-97b3595f71b1,Trial 55,bar,55,q-numerical,33,30,3,1.64385619,,,,
943644c7-3a8a-48e8-8b98-97b3595f71b1,Trial 56,bubble ,56,q-numerical,14,15,1,0.169925001,,,,
943644c7-3a8a-48e8-8b98-97b3595f71b1,Trial 57,bar ,57,q-numerical,48,45,3,1.64385619,,,,
943644c7-3a8a-48e8-8b98-97b3595f71b1,Trial 58,bar ,58,q-numerical,63,55,8,3.022367813,,,,
943644c7-3a8a-48e8-8b98-97b3595f71b1,Trial 59,bar ,59,q-numerical,78,75,3,1.64385619,,,,
943644c7-3a8a-48e8-8b98-97b3595f71b1,Trial 60,bubble ,60,q-numerical,87,75,12,3.599912842,,,,
9bb789d4-575e-4a1f-9f31-50f78d70dd53,Trial 1,bubble ,1,q-numerical,80,85,5,2.357552005,,,,
9bb789d4-575e-4a1f-9f31-50f78d70dd53,Trial 2,bar ,2,q-numerical,16,10,6,2.614709844,,,,
9bb789d4-575e-4a1f-9f31-50f78d70dd53,Trial 3,bar ,3,q-numerical,52,50,2,1.087462841,,,,
9bb789d4-575e-4a1f-9f31-50f78d70dd53,Trial 4,bubble ,4,q-numerical,68,60,8,3.022367813,,,,
9bb789d4-575e-4a1f-9f31-50f78d70dd53,Trial 5,pie ,5,q-numerical,13,10,3,1.64385619,,,,
9bb789d4-575e-4a1f-9f31-50f78d70dd53,Trial 6,bubble ,6,q-numerical,97,90,7,2.832890014,,,,
9bb789d4-575e-4a1f-9f31-50f78d70dd53,Trial 7,pie ,7,q-numerical,18,15,3,1.64385619,,,,
9bb789d4-575e-4a1f-9f31-50f78d70dd53,Trial 8,bubble ,8,q-numerical,20,10,10,3.339850003,,,,
9bb789d4-575e-4a1f-9f31-50f78d70dd53,Trial 9,bar ,9,q-numerical,70,70,0,0,,,,
9bb789d4-575e-4a1f-9f31-50f78d70dd53,Trial 10,pie ,10,q-numerical,33,45,12,3.599912842,,,,
9bb789d4-575e-4a1f-9f31-50f78d70dd53,Trial 11,bar ,11,q-numerical,37,40,3,1.64385619,,,,
9bb789d4-575e-4a1f-9f31-50f78d70dd53,Trial 12,pie ,12,q-numerical,60,65,5,2.357552005,,,,
9bb789d4-575e-4a1f-9f31-50f78d70dd53,Trial 13,bubble ,13,q-numerical,54,40,14,3.820178962,,,,
9bb789d4-575e-4a1f-9f31-50f78d70dd53,Trial 14,bubble ,14,q-numerical,45,30,15,3.918863237,,,,
9bb789d4-575e-4a1f-9f31-50f78d70dd53,Trial 15,bar ,15,q-numerical,80,80,0,0,,,,
9bb789d4-575e-4a1f-9f31-50f78d70dd53,Trial 16,bar ,16,q-numerical,80,80,0,0,,,,
9bb789d4-575e-4a1f-9f31-50f78d70dd53,Trial 17,pie ,17,q-numerical,87.62343,80,7.62343,2.953904019,,,,
9bb789d4-575e-4a1f-9f31-50f78d70dd53,Trial 18,bubble ,18,q-numerical,65,45,20,4.330916878,,,,
9bb789d4-575e-4a1f-9f31-50f78d70dd53,Trial 19,pie ,19,q-numerical,25,30,5,2.357552005,,,,
9bb789d4-575e-4a1f-9f31-50f78d70dd53,Trial 20,bar ,20,q-numerical,18,25,7,2.832890014,,,,
9bb789d4-575e-4a1f-9f31-50f78d70dd53,Trial 21,pie ,21,q-numerical,39,35,4,2.044394119,,,,
9bb789d4-575e-4a1f-9f31-50f78d70dd53,Trial 22,pie ,22,q-numerical,78,70,8,3.022367813,,,,
9bb789d4-575e-4a1f-9f31-50f78d70dd53,Trial 23,bar ,23,q-numerical,92,90,2,1.087462841,,,,
9bb789d4-575e-4a1f-9f31-50f78d70dd53,Trial 24,bubble ,24,q-numerical,45,25,20,4.330916878,,,,
9bb789d4-575e-4a1f-9f31-50f78d70dd53,Trial 25,pie ,25,q-numerical,23,25,2,1.087462841,,,,
9bb789d4-575e-4a1f-9f31-50f78d70dd53,Trial 26,bubble ,26,q-numerical,80,65,15,3.918863237,,,,
9bb789d4-575e-4a1f-9f31-50f78d70dd53,Trial 27,bar ,27,q-numerical,35,35,0,0,,,,
9bb789d4-575e-4a1f-9f31-50f78d70dd53,Trial 28,bubble ,28,q-numerical,72,50,22,4.46760555,,,,
9bb789d4-575e-4a1f-9f31-50f78d70dd53,Trial 29,bar ,29,q-numerical,97.6875,60,37.6875,5.240791332,,,,
9bb789d4-575e-4a1f-9f31-50f78d70dd53,Trial 30,bar ,30,q-numerical,13,15,2,1.087462841,,,,
9bb789d4-575e-4a1f-9f31-50f78d70dd53,Trial 31,bubble ,31,q-numerical,69,55,14,3.820178962,,,,
9bb789d4-575e-4a1f-9f31-50f78d70dd53,Trial 32,pie ,32,q-numerical,40,35,5,2.357552005,,,,
9bb789d4-575e-4a1f-9f31-50f78d70dd53,Trial 33,bubble ,33,q-numerical,50,30,20,4.330916878,,,,
9bb789d4-575e-4a1f-9f31-50f78d70dd53,Trial 34,pie ,34,q-numerical,80,75,5,2.357552005,,,,
9bb789d4-575e-4a1f-9f31-50f78d70dd53,Trial 35,bar ,35,q-numerical,60,55,5,2.357552005,,,,
9bb789d4-575e-4a1f-9f31-50f78d70dd53,Trial 36,bubble ,36,q-numerical,39,20,19,4.257387843,,,,
9bb789d4-575e-4a1f-9f31-50f78d70dd53,Trial 37,pie ,37,q-numerical,16,25,9,3.189824559,,,,
9bb789d4-575e-4a1f-9f31-50f78d70dd53,Trial 38,bar,38,q-numerical,43,40,3,1.64385619,,,,
9bb789d4-575e-4a1f-9f31-50f78d70dd53,Trial 39,pie ,39,q-numerical,43,50,7,2.832890014,,,,
9bb789d4-575e-4a1f-9f31-50f78d70dd53,Trial 40,pie ,40,q-numerical,40,55,15,3.918863237,,,,
9bb789d4-575e-4a1f-9f31-50f78d70dd53,Trial 41,pie ,41,q-numerical,33,40,7,2.832890014,,,,
9bb789d4-575e-4a1f-9f31-50f78d70dd53,Trial 42,pie ,42,q-numerical,65,65,0,0,,,,
9bb789d4-575e-4a1f-9f31-50f78d70dd53,Trial 43,bubble ,43,q-numerical,80,70,10,3.339850003,,,,
9bb789d4-575e-4a1f-9f31-50f78d70dd53,Trial 44,pie ,44,q-numerical,70,60,10,3.339850003,,,,
9bb789d4-575e-4a1f-9f31-50f78d70dd53,Trial 45,bar,45,q-numerical,86,85,1,0.169925001,,,,
9bb789d4-575e-4a1f-9f31-50f78d70dd53,Trial 46,bubble ,46,q-numerical,33,15,18,4.17990909,,,,
9bb789d4-575e-4a1f-9f31-50f78d70dd53,Trial 47,bubble ,47,q-numerical,95,80,15,3.918863237,,,,
9bb789d4-575e-4a1f-9f31-50f78d70dd53,Trial 48,bubble ,48,q-numerical,60,35,25,4.651051691,,,,
9bb789d4-575e-4a1f-9f31-50f78d70dd53,Trial 49,bubble ,49,q-numerical,60,50,10,3.339850003,,,,
9bb789d4-575e-4a1f-9f31-50f78d70dd53,Trial 50,pie ,50,q-numerical,90,85,5,2.357552005,,,,
9bb789d4-575e-4a1f-9f31-50f78d70dd53,Trial 51,pie ,51,q-numerical,20,20,0,0,,,,
9bb789d4-575e-4a1f-9f31-50f78d70dd53,Trial 52,bar ,52,q-numerical,70,65,5,2.357552005,,,,
9bb789d4-575e-4a1f-9f31-50f78d70dd53,Trial 53,bar ,53,q-numerical,17,20,3,1.64385619,,,,
9bb789d4-575e-4a1f-9f31-50f78d70dd53,Trial 54,pie ,54,q-numerical,90,90,0,0,,,,
9bb789d4-575e-4a1f-9f31-50f78d70dd53,Trial 55,bar,55,q-numerical,30,30,0,0,,,,
9bb789d4-575e-4a1f-9f31-50f78d70dd53,Trial 56,bubble ,56,q-numerical,28,15,13,3.714245518,,,,
9bb789d4-575e-4a1f-9f31-50f78d70dd53,Trial 57,bar ,57,q-numerical,39,45,6,2.614709844,,,,
9bb789d4-575e-4a1f-9f31-50f78d70dd53,Trial 58,bar ,58,q-numerical,55,55,0,0,,,,
9bb789d4-575e-4a1f-9f31-50f78d70dd53,Trial 59,bar ,59,q-numerical,75,75,0,0,,,,
9bb789d4-575e-4a1f-9f31-50f78d70dd53,Trial 60,bubble ,60,q-numerical,75.000000000000000000000000000000000000001,75,0,0,,,,
b89dc646-01b5-41da-a21a-f1ce6b67580c,Trial 1,bubble ,1,q-numerical,85,85,0,0,,,,
b89dc646-01b5-41da-a21a-f1ce6b67580c,Trial 2,bar ,2,q-numerical,10,10,0,0,,,,
b89dc646-01b5-41da-a21a-f1ce6b67580c,Trial 3,bar ,3,q-numerical,50,50,0,0,,,,
b89dc646-01b5-41da-a21a-f1ce6b67580c,Trial 4,bubble ,4,q-numerical,50,60,10,3.339850003,,,,
b89dc646-01b5-41da-a21a-f1ce6b67580c,Trial 5,pie ,5,q-numerical,65,10,55,5.784634846,,,,
b89dc646-01b5-41da-a21a-f1ce6b67580c,Trial 6,bubble ,6,q-numerical,90,90,0,0,,,,
b89dc646-01b5-41da-a21a-f1ce6b67580c,Trial 7,pie ,7,q-numerical,15,15,0,0,,,,
b89dc646-01b5-41da-a21a-f1ce6b67580c,Trial 8,bubble ,8,q-numerical,20,10,10,3.339850003,,,,
b89dc646-01b5-41da-a21a-f1ce6b67580c,Trial 9,bar ,9,q-numerical,75,70,5,2.357552005,,,,
b89dc646-01b5-41da-a21a-f1ce6b67580c,Trial 10,pie ,10,q-numerical,40,45,5,2.357552005,,,,
b89dc646-01b5-41da-a21a-f1ce6b67580c,Trial 11,bar ,11,q-numerical,45,40,5,2.357552005,,,,
b89dc646-01b5-41da-a21a-f1ce6b67580c,Trial 12,pie ,12,q-numerical,60,65,5,2.357552005,,,,
b89dc646-01b5-41da-a21a-f1ce6b67580c,Trial 13,bubble ,13,q-numerical,50,40,10,3.339850003,,,,
b89dc646-01b5-41da-a21a-f1ce6b67580c,Trial 14,bubble ,14,q-numerical,30,30,0,0,,,,
b89dc646-01b5-41da-a21a-f1ce6b67580c,Trial 15,bar ,15,q-numerical,80,80,0,0,,,,
b89dc646-01b5-41da-a21a-f1ce6b67580c,Trial 16,bar ,16,q-numerical,85,80,5,2.357552005,,,,
b89dc646-01b5-41da-a21a-f1ce6b67580c,Trial 17,pie ,17,q-numerical,85,80,5,2.357552005,,,,
b89dc646-01b5-41da-a21a-f1ce6b67580c,Trial 18,bubble ,18,q-numerical,50,45,5,2.357552005,,,,
b89dc646-01b5-41da-a21a-f1ce6b67580c,Trial 19,pie ,19,q-numerical,25,30,5,2.357552005,,,,
b89dc646-01b5-41da-a21a-f1ce6b67580c,Trial 20,bar ,20,q-numerical,25,25,0,0,,,,
b89dc646-01b5-41da-a21a-f1ce6b67580c,Trial 21,pie ,21,q-numerical,30,35,5,2.357552005,,,,
b89dc646-01b5-41da-a21a-f1ce6b67580c,Trial 22,pie ,22,q-numerical,80,70,10,3.339850003,,,,
b89dc646-01b5-41da-a21a-f1ce6b67580c,Trial 23,bar ,23,q-numerical,90,90,0,0,,,,
b89dc646-01b5-41da-a21a-f1ce6b67580c,Trial 24,bubble ,24,q-numerical,35,25,10,3.339850003,,,,
b89dc646-01b5-41da-a21a-f1ce6b67580c,Trial 25,pie ,25,q-numerical,20,25,5,2.357552005,,,,
b89dc646-01b5-41da-a21a-f1ce6b67580c,Trial 26,bubble ,26,q-numerical,75,65,10,3.339850003,,,,
b89dc646-01b5-41da-a21a-f1ce6b67580c,Trial 27,bar ,27,q-numerical,35,35,0,0,,,,
b89dc646-01b5-41da-a21a-f1ce6b67580c,Trial 28,bubble ,28,q-numerical,50,50,0,0,,,,
b89dc646-01b5-41da-a21a-f1ce6b67580c,Trial 29,bar ,29,q-numerical,60,60,0,0,,,,
b89dc646-01b5-41da-a21a-f1ce6b67580c,Trial 30,bar ,30,q-numerical,10,15,5,2.357552005,,,,
b89dc646-01b5-41da-a21a-f1ce6b67580c,Trial 31,bubble ,31,q-numerical,60,55,5,2.357552005,,,,
b89dc646-01b5-41da-a21a-f1ce6b67580c,Trial 32,pie ,32,q-numerical,25,35,10,3.339850003,,,,
b89dc646-01b5-41da-a21a-f1ce6b67580c,Trial 33,bubble ,33,q-numerical,25,30,5,2.357552005,,,,
b89dc646-01b5-41da-a21a-f1ce6b67580c,Trial 34,pie ,34,q-numerical,75,75,0,0,,,,
b89dc646-01b5-41da-a21a-f1ce6b67580c,Trial 35,bar ,35,q-numerical,55,55,0,0,,,,
b89dc646-01b5-41da-a21a-f1ce6b67580c,Trial 36,bubble ,36,q-numerical,15,20,5,2.357552005,,,,
b89dc646-01b5-41da-a21a-f1ce6b67580c,Trial 37,pie ,37,q-numerical,25,25,0,0,,,,
b89dc646-01b5-41da-a21a-f1ce6b67580c,Trial 38,bar,38,q-numerical,35,40,5,2.357552005,,,,
b89dc646-01b5-41da-a21a-f1ce6b67580c,Trial 39,pie ,39,q-numerical,45,50,5,2.357552005,,,,
b89dc646-01b5-41da-a21a-f1ce6b67580c,Trial 40,pie ,40,q-numerical,65,55,10,3.339850003,,,,
b89dc646-01b5-41da-a21a-f1ce6b67580c,Trial 41,pie ,41,q-numerical,40,40,0,0,,,,
b89dc646-01b5-41da-a21a-f1ce6b67580c,Trial 42,pie ,42,q-numerical,60,65,5,2.357552005,,,,
b89dc646-01b5-41da-a21a-f1ce6b67580c,Trial 43,bubble ,43,q-numerical,80,70,10,3.339850003,,,,
b89dc646-01b5-41da-a21a-f1ce6b67580c,Trial 44,pie ,44,q-numerical,65,60,5,2.357552005,,,,
b89dc646-01b5-41da-a21a-f1ce6b67580c,Trial 45,bar,45,q-numerical,85,85,0,0,,,,
b89dc646-01b5-41da-a21a-f1ce6b67580c,Trial 46,bubble ,46,q-numerical,15,15,0,0,,,,
b89dc646-01b5-41da-a21a-f1ce6b67580c,Trial 47,bubble ,47,q-numerical,80,80,0,0,,,,
b89dc646-01b5-41da-a21a-f1ce6b67580c,Trial 48,bubble ,48,q-numerical,35,35,0,0,,,,
b89dc646-01b5-41da-a21a-f1ce6b67580c,Trial 49,bubble ,49,q-numerical,50,50,0,0,,,,
b89dc646-01b5-41da-a21a-f1ce6b67580c,Trial 50,pie ,50,q-numerical,90,85,5,2.357552005,,,,
b89dc646-01b5-41da-a21a-f1ce6b67580c,Trial 51,pie ,51,q-numerical,30,20,10,3.339850003,,,,
b89dc646-01b5-41da-a21a-f1ce6b67580c,Trial 52,bar ,52,q-numerical,65,65,0,0,,,,
b89dc646-01b5-41da-a21a-f1ce6b67580c,Trial 53,bar ,53,q-numerical,20,20,0,0,,,,
b89dc646-01b5-41da-a21a-f1ce6b67580c,Trial 54,pie ,54,q-numerical,85,90,5,2.357552005,,,,
b89dc646-01b5-41da-a21a-f1ce6b67580c,Trial 55,bar,55,q-numerical,25,30,5,2.357552005,,,,
b89dc646-01b5-41da-a21a-f1ce6b67580c,Trial 56,bubble ,56,q-numerical,20,15,5,2.357552005,,,,
b89dc646-01b5-41da-a21a-f1ce6b67580c,Trial 57,bar ,57,q-numerical,45,45,0,0,,,,
b89dc646-01b5-41da-a21a-f1ce6b67580c,Trial 58,bar ,58,q-numerical,50,55,5,2.357552005,,,,
b89dc646-01b5-41da-a21a-f1ce6b67580c,Trial 59,bar ,59,q-numerical,75,75,0,0,,,,
b89dc646-01b5-41da-a21a-f1ce6b67580c,Trial 60,bubble ,60,q-numerical,80,75,5,2.357552005,,,,
